City_ID,City,Lat,Lng,Max Temp,Humidity,Cloudiness,Wind Speed,Country,Date
0,Svetlyy,54.675,20.1347,30.25,93,100,14.0,RU,2022-11-20 22:47:25
1,Clifton,40.8584,-74.1638,33.84,36,0,13.8,US,2022-11-20 22:47:25
2,Sitka,57.0531,-135.33,48.09,81,100,5.75,US,2022-11-20 22:47:26
3,Busselton,-33.65,115.3333,55.58,65,0,13.53,AU,2022-11-20 22:47:26
4,Cabo San Lucas,22.8909,-109.9124,80.62,62,1,7.4,MX,2022-11-20 22:44:23
5,Lorengau,-2.0226,147.2712,84.92,63,86,9.62,PG,2022-11-20 22:46:31
6,Faanui,-16.4833,-151.75,78.39,74,61,18.23,PF,2022-11-20 22:40:37
7,Mossendjo,-2.9506,12.7261,68.23,100,100,3.04,CG,2022-11-20 22:47:26
8,Punta Arenas,-53.15,-70.9167,53.71,54,75,21.85,CL,2022-11-20 22:47:26
9,Chernyshevskiy,63.0128,112.4714,-23.13,100,77,1.61,RU,2022-11-20 22:47:27
10,Pevek,69.7008,170.3133,-19.35,97,100,11.39,RU,2022-11-20 22:40:39
11,Namtsy,62.7161,129.6658,-30.17,100,60,3.02,RU,2022-11-20 22:47:27
12,Gewane,10.1664,40.6453,74.52,46,4,1.52,ET,2022-11-20 22:47:27
13,Kapaa,22.0752,-159.319,84.18,71,75,16.11,US,2022-11-20 22:47:28
14,Severo-Kurilsk,50.6789,156.125,34.88,69,98,5.12,RU,2022-11-20 22:47:28
15,Codrington,-38.2667,141.9667,50.11,76,87,28.97,AU,2022-11-20 22:47:28
16,Mahebourg,-20.4081,57.7,72.25,83,75,5.75,MU,2022-11-20 22:47:29
17,Bambous Virieux,-20.3428,57.7575,72.21,83,75,5.75,MU,2022-11-20 22:47:29
18,Brandfort,-28.7001,26.4597,51.21,18,61,5.93,ZA,2022-11-20 22:47:29
19,Llanes,43.4198,-4.7549,55.89,80,100,11.32,ES,2022-11-20 22:47:30
20,Torbay,47.6666,-52.7314,42.76,97,100,26.46,CA,2022-11-20 22:47:30
21,Port Macquarie,-31.4333,152.9167,75.65,33,96,7.34,AU,2022-11-20 22:43:06
22,Upernavik,72.7868,-56.1549,13.66,95,100,14.16,GL,2022-11-20 22:38:10
23,Tautira,-17.7333,-149.15,76.87,71,24,12.86,PF,2022-11-20 22:40:38
24,Hermanus,-34.4187,19.2345,53.8,80,2,7.72,ZA,2022-11-20 22:47:31
25,Verkhoyansk,67.5447,133.385,-22.56,100,92,2.06,RU,2022-11-20 22:47:31
26,Port Alfred,-33.5906,26.891,60.19,92,14,8.37,ZA,2022-11-20 22:47:31
27,Nikolskoye,59.7035,30.7861,22.91,96,63,3.18,RU,2022-11-20 22:47:31
28,Atuona,-9.8,-139.0333,77.54,73,17,11.52,PF,2022-11-20 22:47:32
29,Tuktoyaktuk,69.4541,-133.0374,21.2,93,100,8.05,CA,2022-11-20 22:47:32
30,San Quintin,30.4833,-115.95,67.32,32,0,9.73,MX,2022-11-20 22:36:39
31,Olafsvik,64.8945,-23.7142,43.03,75,76,14.12,IS,2022-11-20 22:47:32
32,East London,-33.0153,27.9116,62.08,81,13,8.75,ZA,2022-11-20 22:47:33
33,Kamariotissa,40.4833,25.4667,66.31,76,99,36.98,GR,2022-11-20 22:47:33
34,Coracora,-15.0333,-73.7833,55.24,45,53,8.21,PE,2022-11-20 22:47:33
35,Udachnyy,66.4167,112.4,-27.4,99,75,3.44,RU,2022-11-20 22:42:51
36,Mataura,-46.1927,168.8643,69.96,51,89,4.09,NZ,2022-11-20 22:47:34
37,Norman Wells,65.282,-126.8329,19.44,93,75,6.91,CA,2022-11-20 22:47:34
38,Hilo,19.7297,-155.09,80.26,75,75,8.05,US,2022-11-20 22:44:35
39,Dunedin,-45.8742,170.5036,59.81,85,49,1.99,NZ,2022-11-20 22:47:34
40,Hovd,48.0056,91.6419,22.32,61,16,6.46,MN,2022-11-20 22:47:35
41,Putina,-15.4667,-69.4333,52.32,67,37,15.48,PE,2022-11-20 22:47:35
42,Saint-Philippe,-21.3585,55.7679,71.19,78,38,7.18,RE,2022-11-20 22:48:35
43,Dingle,10.9995,122.6711,77.7,92,83,4.63,PH,2022-11-20 22:41:44
44,Ronneby,56.21,15.276,19.9,93,100,1.14,SE,2022-11-20 22:48:35
45,Yar-Sale,66.8333,70.8333,6.28,96,100,9.06,RU,2022-11-20 22:48:36
46,Castro,-24.7911,-50.0119,63.55,88,73,7.63,BR,2022-11-20 22:48:36
47,Sisimiut,66.9395,-53.6735,23.92,92,100,12.68,GL,2022-11-20 22:42:58
48,Verkhnevilyuysk,63.4453,120.3167,-27.0,100,61,2.06,RU,2022-11-20 22:48:36
49,Bluff,-46.6,168.3333,59.25,79,80,9.04,NZ,2022-11-20 22:48:37
50,Shingu,33.7333,135.9833,60.85,91,100,4.9,JP,2022-11-20 22:40:32
51,Albany,42.6001,-73.9662,28.35,35,25,1.99,US,2022-11-20 22:48:37
52,Clyde River,70.4692,-68.5914,-16.37,76,0,16.11,CA,2022-11-20 22:40:33
53,Hamilton,39.1834,-84.5333,32.85,33,0,5.75,US,2022-11-20 22:48:37
54,Vaini,-21.2,-175.2,80.76,78,75,6.91,TO,2022-11-20 22:48:38
55,Guerrero Negro,27.9769,-114.0611,70.09,34,2,10.85,MX,2022-11-20 22:46:17
56,Venado Tuerto,-33.7456,-61.9688,67.77,95,99,13.47,AR,2022-11-20 22:48:16
57,Taitung,22.7583,121.1444,73.67,88,75,8.05,TW,2022-11-20 22:48:38
58,Winneba,5.3511,-0.6231,78.22,84,100,6.58,GH,2022-11-20 22:48:38
59,Taoudenni,22.6783,-3.9836,72.77,15,0,16.69,ML,2022-11-20 22:48:38
60,Ostersund,63.1792,14.6357,18.61,100,100,3.44,SE,2022-11-20 22:48:39
61,Provost,52.3501,-110.2683,34.25,87,92,6.33,CA,2022-11-20 22:48:39
62,Kavaratti,10.5669,72.642,80.08,54,80,4.5,IN,2022-11-20 22:48:39
63,Ushuaia,-54.8,-68.3,49.62,71,40,11.5,AR,2022-11-20 22:48:39
64,Rikitea,-23.1203,-134.9692,66.24,90,100,11.74,PF,2022-11-20 22:48:40
65,Port Keats,-14.25,129.55,82.9,70,90,7.9,AU,2022-11-20 22:48:40
66,Riyadh,24.6877,46.7219,60.94,37,13,7.78,SA,2022-11-20 22:38:46
67,Natchitoches,31.7668,-93.1335,54.45,40,0,5.75,US,2022-11-20 22:48:40
68,Saldanha,-33.0117,17.9442,57.25,87,83,17.98,ZA,2022-11-20 22:39:22
69,Butaritari,3.0707,172.7902,80.42,80,16,13.06,KI,2022-11-20 22:48:41
70,Fuente De Oro,3.4594,-73.6128,74.88,93,87,3.56,CO,2022-11-20 22:48:41
71,Jhalrapatan,24.55,76.1667,59.83,44,0,3.65,IN,2022-11-20 22:48:41
72,Saint-Leu,-21.15,55.2833,70.66,80,7,7.67,RE,2022-11-20 22:48:42
73,Hithadhoo,-0.6,73.0833,80.33,77,9,9.22,MV,2022-11-20 22:48:42
74,Porto Nacional,-10.7081,-48.4172,84.2,75,100,2.3,BR,2022-11-20 22:48:42
75,Victoria,22.2855,114.1577,75.38,79,39,11.99,HK,2022-11-20 22:45:11
76,Pisco,-13.7,-76.2167,68.05,77,40,6.91,PE,2022-11-20 22:47:18
77,Grants Pass,42.439,-123.3284,57.83,41,0,0.0,US,2022-11-20 22:45:08
78,Carrollton,32.9537,-96.8903,50.61,42,75,3.44,US,2022-11-20 22:48:42
79,Tasiilaq,65.6145,-37.6368,37.56,83,100,15.32,GL,2022-11-20 22:48:43
80,Grindavik,63.8424,-22.4338,41.47,81,75,20.71,IS,2022-11-20 22:48:43
81,New Norfolk,-42.7826,147.0587,50.92,63,51,7.0,AU,2022-11-20 22:48:43
82,Syava,58.0146,46.3222,13.17,88,40,0.72,RU,2022-11-20 22:48:44
83,Leningradskiy,69.3833,178.4167,-24.47,96,15,5.97,RU,2022-11-20 22:48:44
84,Sao Filipe,14.8961,-24.4956,76.53,66,88,15.59,CV,2022-11-20 22:48:44
85,Takhtamygda,54.1,123.5667,4.12,95,100,3.38,RU,2022-11-20 22:48:45
86,Los Llanos De Aridane,28.6585,-17.9182,65.95,80,100,14.97,ES,2022-11-20 22:48:45
87,Qadirpur Ran,30.2924,71.6712,58.89,36,0,3.38,PK,2022-11-20 22:48:45
88,Carupano,10.6678,-63.2585,77.4,85,16,11.74,VE,2022-11-20 22:48:46
89,Laguna,38.421,-121.4238,67.01,32,0,5.75,US,2022-11-20 22:48:27
90,Kodiak,57.79,-152.4072,40.51,93,100,0.0,US,2022-11-20 22:48:46
91,Grand Gaube,-20.0064,57.6608,72.37,73,3,1.01,MU,2022-11-20 22:49:46
92,Ribeira Grande,38.5167,-28.7,66.78,96,100,8.01,PT,2022-11-20 22:49:47
93,Thompson,55.7435,-97.8558,21.36,86,75,8.05,CA,2022-11-20 22:41:41
94,Ambilobe,-13.2,49.05,75.81,80,59,1.95,MG,2022-11-20 22:49:47
95,Qaqortoq,60.7167,-46.0333,22.95,87,100,3.8,GL,2022-11-20 22:44:17
96,Bathsheba,13.2167,-59.5167,79.41,83,40,17.27,BB,2022-11-20 22:49:47
97,Nanortalik,60.1432,-45.2371,26.76,86,100,9.1,GL,2022-11-20 22:49:48
98,Saint-Joseph,-21.3667,55.6167,70.18,80,26,2.37,RE,2022-11-20 22:49:48
99,Bredasdorp,-34.5322,20.0403,56.79,82,0,1.79,ZA,2022-11-20 22:49:48
100,Bengkulu,-3.8004,102.2655,73.44,90,91,5.01,ID,2022-11-20 22:49:49
101,Provideniya,64.3833,-173.3,23.36,86,100,13.42,RU,2022-11-20 22:49:49
102,Lebu,-37.6167,-73.65,55.67,71,0,23.73,CL,2022-11-20 22:47:49
103,Itarantim,-15.6597,-40.0656,68.94,99,100,2.82,BR,2022-11-20 22:49:49
104,Saint Anthony,45.0205,-93.218,30.04,65,0,9.22,US,2022-11-20 22:49:50
105,Minbu,20.1833,94.8833,69.06,59,7,5.41,MM,2022-11-20 22:49:50
106,Tiksi,71.6872,128.8694,-15.79,100,96,3.0,RU,2022-11-20 22:49:50
107,Hervey Bay,-25.2986,152.8535,77.65,81,30,10.13,AU,2022-11-20 22:49:50
108,Butembo,0.15,29.2833,57.09,96,87,2.39,CD,2022-11-20 22:49:51
109,Porto Santo,33.072,-16.3415,64.78,72,40,9.22,PT,2022-11-20 22:49:51
110,Rabo De Peixe,37.8,-25.5833,66.27,97,40,12.66,PT,2022-11-20 22:49:51
111,Yellowknife,62.456,-114.3525,18.12,93,75,5.75,CA,2022-11-20 22:49:52
112,Khotynets,53.1286,35.3966,21.2,92,100,8.72,RU,2022-11-20 22:49:52
113,Hasaki,35.7333,140.8333,55.22,88,100,9.33,JP,2022-11-20 22:49:52
114,Ladario,-19.0047,-57.6017,88.68,37,67,1.54,BR,2022-11-20 22:49:53
115,Qaanaaq,77.484,-69.3632,-8.48,79,4,5.68,GL,2022-11-20 22:49:53
116,Souillac,-20.5167,57.5167,71.98,83,75,5.75,MU,2022-11-20 22:49:53
117,Marzuq,14.4,46.4667,62.69,50,81,3.89,YE,2022-11-20 22:43:01
118,Cabedelo,-6.9811,-34.8339,79.47,74,77,11.77,BR,2022-11-20 22:41:50
119,Puerto Ayora,-0.7393,-90.3518,75.16,93,100,5.01,EC,2022-11-20 22:49:53
120,Iqaluit,63.7506,-68.5145,4.73,78,75,3.44,CA,2022-11-20 22:49:54
121,Nerchinskiy Zavod,51.3088,119.61,-21.05,100,19,2.68,RU,2022-11-20 22:49:54
122,Chiang Khong,20.2613,100.4046,67.64,99,35,1.39,TH,2022-11-20 22:49:54
123,Meiganga,6.5167,14.3,67.39,46,98,3.58,CM,2022-11-20 22:49:55
124,Chama,47.1821,8.4636,43.02,85,100,8.05,CH,2022-11-20 22:49:55
125,Lobanovo,57.8595,56.3026,1.31,85,0,6.71,RU,2022-11-20 22:49:55
126,Amahai,-3.3333,128.9167,80.15,83,100,3.27,ID,2022-11-20 22:49:56
127,Longyearbyen,78.2186,15.6401,37.24,87,75,20.71,SJ,2022-11-20 22:49:56
128,Grobina,56.5352,21.1678,26.38,86,75,10.36,LV,2022-11-20 22:49:56
129,Fort Nelson,58.8053,-122.7002,27.95,72,75,2.3,CA,2022-11-20 22:45:31
130,Khani,41.9563,42.9566,42.37,61,100,7.23,GE,2022-11-20 22:49:56
131,Saskylakh,71.9167,114.0833,-30.98,100,84,3.4,RU,2022-11-20 22:41:42
132,Khatanga,71.9667,102.5,-33.36,100,69,4.79,RU,2022-11-20 22:49:57
133,Lompoc,34.6391,-120.4579,77.14,22,0,12.66,US,2022-11-20 22:45:27
134,Hami,42.8,93.45,34.32,50,65,3.51,CN,2022-11-20 22:41:46
135,Sigli,5.3848,95.9609,77.38,79,100,5.5,ID,2022-11-20 22:49:57
136,Hobart,-42.8794,147.3294,51.26,66,75,16.11,AU,2022-11-20 22:46:19
137,Sao Paulo De Olivenca,-3.3783,-68.8725,79.09,86,97,2.46,BR,2022-11-20 22:49:57
138,Cherskiy,68.75,161.3,-15.11,98,100,8.01,RU,2022-11-20 22:49:58
139,Tupik,54.4253,119.9327,0.97,97,100,2.8,RU,2022-11-20 22:50:58
140,Tver,56.8619,35.8931,17.94,96,84,1.79,RU,2022-11-20 22:50:58
141,Antsohihy,-14.8796,47.9875,74.79,91,27,1.88,MG,2022-11-20 22:50:59
142,Powell,40.1578,-83.0752,28.4,43,0,10.36,US,2022-11-20 22:50:59
143,Kedougou,12.5579,-12.1743,81.18,44,0,2.3,SN,2022-11-20 22:50:59
144,Kulu,39.0951,33.0799,52.29,70,99,3.74,TR,2022-11-20 22:50:59
145,Svetlogorsk,52.6333,29.7333,24.82,96,100,9.31,BY,2022-11-20 22:51:00
146,Coahuayana,18.7333,-103.6833,82.26,72,100,4.52,MX,2022-11-20 22:45:19
147,Maghar,32.8898,35.407,66.45,43,41,9.13,IL,2022-11-20 22:51:00
148,Pacifica,37.6138,-122.4869,67.24,40,75,10.0,US,2022-11-20 22:49:01
149,Scarborough,54.2797,-0.4044,40.66,90,75,3.0,GB,2022-11-20 22:51:00
150,La Palma,33.8464,-118.0467,80.87,21,20,8.05,US,2022-11-20 22:51:01
151,Shimoda,34.6667,138.95,57.11,90,100,15.84,JP,2022-11-20 22:41:44
152,Ciumeghiu,46.7333,21.5833,37.92,84,100,5.14,RO,2022-11-20 22:51:01
153,Mount Gambier,-37.8333,140.7667,49.5,74,88,17.27,AU,2022-11-20 22:46:33
154,Kavieng,-2.5744,150.7967,84.24,62,93,12.88,PG,2022-11-20 22:51:01
155,Aquidauana,-20.4711,-55.7872,88.48,33,34,6.33,BR,2022-11-20 22:51:02
156,Nador,35.174,-2.9287,59.25,72,0,4.61,MA,2022-11-20 22:51:02
157,Cape Town,-33.9258,18.4232,63.09,68,0,13.8,ZA,2022-11-20 22:46:59
158,Trairi,-3.2778,-39.2689,79.5,76,43,11.39,BR,2022-11-20 22:49:47
159,Aberdeen,57.1437,-2.0981,36.5,100,100,3.44,GB,2022-11-20 22:51:02
160,Te Anau,-45.4167,167.7167,60.44,74,100,2.59,NZ,2022-11-20 22:51:02
161,Wadi Musa,30.3222,35.4793,52.7,61,41,10.56,JO,2022-11-20 22:51:03
162,Porbandar,21.6422,69.6093,74.55,38,0,5.91,IN,2022-11-20 22:51:03
163,Shitkino,56.3703,98.3543,2.43,92,82,4.18,RU,2022-11-20 22:51:03
164,Novouzensk,50.4592,48.1431,36.41,90,100,4.5,RU,2022-11-20 22:50:09
165,Chuy,-33.6971,-53.4616,68.25,84,100,14.18,UY,2022-11-20 22:51:04
166,Daryapur,20.9333,77.3333,58.37,49,32,4.18,IN,2022-11-20 22:51:04
167,Mar Del Plata,-38.0023,-57.5575,62.1,96,100,17.27,AR,2022-11-20 22:51:04
168,Cayenne,4.9333,-52.3333,80.64,78,100,0.0,GF,2022-11-20 22:38:14
169,Coihaique,-45.5752,-72.0662,57.15,44,20,8.05,CL,2022-11-20 22:48:11
170,Avarua,-21.2078,-159.775,77.05,61,75,16.11,CK,2022-11-20 22:51:05
171,San Cristobal,7.7669,-72.225,71.78,96,72,0.63,VE,2022-11-20 22:51:05
172,Barrow,71.2906,-156.7887,23.02,74,100,13.8,US,2022-11-20 22:51:05
173,Aklavik,68.2191,-135.0107,7.03,100,91,3.36,CA,2022-11-20 22:51:06
174,Poum,-20.2333,164.0167,80.01,78,47,11.9,NC,2022-11-20 22:41:42
175,Vardo,70.3705,31.1107,35.58,87,100,9.22,NO,2022-11-20 22:51:06
176,Russell,32.3502,-85.1999,47.43,42,0,9.22,US,2022-11-20 22:45:26
177,Lucapa,-8.4192,20.7447,64.99,97,89,2.89,AO,2022-11-20 22:51:06
178,Jamestown,42.097,-79.2353,22.71,78,100,12.66,US,2022-11-20 22:47:44
179,Chirongui,-12.9319,45.1483,78.73,78,17,7.58,YT,2022-11-20 22:51:06
180,North Battleford,52.7834,-108.2847,33.89,64,0,13.8,CA,2022-11-20 22:51:07
181,Cabo Rojo,18.0866,-67.1457,80.98,89,17,9.66,PR,2022-11-20 22:51:07
182,Pringsewu,-5.3582,104.9744,72.5,95,91,3.94,ID,2022-11-20 22:51:07
183,Bahia Blanca,-38.7196,-62.2724,63.28,61,8,1.01,AR,2022-11-20 22:51:08
184,Chokurdakh,70.6333,147.9167,-33.9,100,96,4.65,RU,2022-11-20 22:51:08
185,Cidreira,-30.1811,-50.2056,70.38,82,87,23.76,BR,2022-11-20 22:51:08
186,Muhos,64.808,25.9931,10.18,94,5,2.8,FI,2022-11-20 22:52:09
187,Maldonado,-34.6667,-54.9167,69.22,97,100,13.51,UY,2022-11-20 22:52:09
188,Korla,41.7597,86.1469,34.3,42,8,3.4,CN,2022-11-20 22:52:09
189,Agadir,30.4202,-9.5982,59.45,50,1,5.21,MA,2022-11-20 22:52:10
190,Yumen,40.2833,97.2,31.82,31,100,1.72,CN,2022-11-20 22:44:13
191,Palencia,42.4167,-4.5,52.92,98,100,6.93,ES,2022-11-20 22:52:10
192,Beckley,37.7782,-81.1882,29.32,41,0,2.62,US,2022-11-20 22:52:10
193,Pitimbu,-7.4706,-34.8086,79.39,72,94,11.92,BR,2022-11-20 22:48:51
194,Meulaboh,4.1363,96.1285,74.34,94,100,4.23,ID,2022-11-20 22:42:53
195,Waingapu,-9.6567,120.2641,81.05,77,100,0.54,ID,2022-11-20 22:52:11
196,Bethel,41.3712,-73.414,32.09,42,0,11.5,US,2022-11-20 22:51:32
197,Arraial Do Cabo,-22.9661,-42.0278,75.06,83,0,9.22,BR,2022-11-20 22:52:11
198,Komsomolskiy,40.4272,71.7189,38.12,87,41,6.91,UZ,2022-11-20 22:52:11
199,Laizhou,37.1717,119.9214,53.71,93,100,8.5,CN,2022-11-20 22:52:12
200,Kasama,-10.2129,31.1808,65.34,65,43,3.09,ZM,2022-11-20 22:52:12
201,Klamath Falls,42.2249,-121.7817,41.05,48,0,1.99,US,2022-11-20 22:51:19
202,Takoradi,4.8845,-1.7554,77.76,85,96,5.44,GH,2022-11-20 22:52:12
203,Airai,-8.9266,125.4092,63.32,89,100,1.68,TL,2022-11-20 22:47:44
204,San Pedro De Macoris,18.4616,-69.2972,82.53,89,15,9.84,DO,2022-11-20 22:52:13
205,Geraldton,-28.7667,114.6,68.41,40,0,8.05,AU,2022-11-20 22:49:24
206,Starosubkhangulovo,53.1031,57.4423,8.98,98,83,1.21,RU,2022-11-20 22:52:13
207,Pangoa,-12.1167,-73.0,75.97,82,100,2.01,PE,2022-11-20 22:52:14
208,Sheregesh,52.9209,87.9869,1.27,97,92,4.0,RU,2022-11-20 22:52:14
209,Deori Khas,23.4,79.0167,52.99,61,14,1.48,IN,2022-11-20 22:52:14
210,Pedernales,18.0384,-71.744,80.28,68,19,3.74,DO,2022-11-20 22:52:15
211,Port Elizabeth,-33.918,25.5701,56.1,87,0,3.44,ZA,2022-11-20 22:49:07
212,Okhotsk,59.3833,143.3,18.36,94,100,13.98,RU,2022-11-20 22:45:27
213,Waipawa,-41.4122,175.5153,65.12,63,62,15.23,NZ,2022-11-20 22:52:15
214,Helena,46.5927,-112.0361,34.99,60,0,3.44,US,2022-11-20 22:51:06
215,Sanghar,26.0466,68.9481,69.33,31,0,6.73,PK,2022-11-20 22:52:15
216,Bonthe,7.5264,-12.505,79.3,75,97,4.47,SL,2022-11-20 22:52:16
217,Nemuro,43.3236,145.575,51.91,74,100,22.28,JP,2022-11-20 22:49:48
218,Donskoy,53.9711,38.3363,20.61,98,100,5.7,RU,2022-11-20 22:52:16
219,Parnamirim,-5.9156,-35.2628,79.14,73,40,8.05,BR,2022-11-20 22:47:54
220,Dikson,73.5069,80.5464,-19.37,95,20,7.85,RU,2022-11-20 22:52:16
221,Luderitz,-26.6481,15.1594,63.64,68,95,15.73,NA,2022-11-20 22:52:17
222,Pemangkat,1.1667,108.9667,78.69,83,100,4.38,ID,2022-11-20 22:52:17
223,Qandala,11.472,49.8728,77.18,60,96,4.12,SO,2022-11-20 22:52:17
224,Kununurra,-15.7667,128.7333,82.38,83,40,5.75,AU,2022-11-20 22:52:18
225,Sorong,-0.8833,131.25,80.65,83,99,7.25,ID,2022-11-20 22:52:18
226,Fortuna,40.5982,-124.1573,60.93,63,0,8.05,US,2022-11-20 22:52:18
227,Ewo,-0.8725,14.8206,71.4,94,100,4.14,CG,2022-11-20 22:52:18
228,Itarema,-2.9248,-39.9167,79.5,78,47,15.75,BR,2022-11-20 22:52:19
229,Basco,20.4487,121.9702,80.91,75,100,22.64,PH,2022-11-20 22:52:19
230,Camacupa,-12.0167,17.4833,62.96,88,100,3.33,AO,2022-11-20 22:52:19
231,Broken Hill,-31.95,141.4333,56.7,45,69,20.76,AU,2022-11-20 22:52:20
232,Nalut,30.3333,10.85,49.41,47,0,6.53,LY,2022-11-20 22:53:20
233,Amazar,53.858,120.875,1.13,95,91,3.36,RU,2022-11-20 22:53:20
234,Melfort,52.8667,-104.6177,23.13,63,90,9.22,CA,2022-11-20 22:53:21
235,Pangnirtung,66.1451,-65.7125,-1.73,64,22,6.98,CA,2022-11-20 22:53:21
236,Comodoro Rivadavia,-45.8667,-67.5,58.86,44,0,18.41,AR,2022-11-20 22:53:21
237,Kaitangata,-46.2817,169.8464,64.24,67,70,6.73,NZ,2022-11-20 22:53:21
238,Westport,41.1415,-73.3579,33.84,37,0,11.5,US,2022-11-20 22:43:16
239,Plettenberg Bay,-34.0527,23.3716,57.38,76,0,2.86,ZA,2022-11-20 22:53:22
240,Mikhaylovka,50.06,43.2379,35.78,96,100,6.98,RU,2022-11-20 22:53:22
241,Crotone,39.0851,17.1178,57.2,76,100,3.44,IT,2022-11-20 22:53:22
242,Omsukchan,62.5333,155.8,-12.08,87,57,4.38,RU,2022-11-20 22:53:23
243,Turan,16.0678,108.2208,78.78,89,75,4.61,VN,2022-11-20 22:53:23
244,Maragogi,-9.0122,-35.2225,77.38,78,75,9.69,BR,2022-11-20 22:53:23
245,Jinchang,38.4953,102.1739,34.86,35,100,3.42,CN,2022-11-20 22:53:24
246,College,64.8569,-147.8028,18.99,90,40,0.0,US,2022-11-20 22:53:24
247,Rocha,-34.4833,-54.3333,67.75,88,100,4.25,UY,2022-11-20 22:46:30
248,Atar,20.5169,-13.0499,72.52,21,0,7.14,MR,2022-11-20 22:53:24
249,Khandyga,62.6667,135.6,-32.94,100,77,2.42,RU,2022-11-20 22:53:25
250,Amuntai,-2.4177,115.2494,75.85,96,99,0.81,ID,2022-11-20 22:53:25
251,Lodja,-3.4833,23.4333,68.7,96,72,1.57,CD,2022-11-20 22:53:25
252,Xuddur,4.1213,43.8894,74.91,76,89,13.15,SO,2022-11-20 22:53:25
253,Chauk,20.8833,94.8167,70.02,55,24,6.42,MM,2022-11-20 22:53:26
254,Guiratinga,-16.3494,-53.7583,77.77,59,27,6.73,BR,2022-11-20 22:53:26
255,Talnakh,69.4865,88.3972,-19.5,95,96,4.85,RU,2022-11-20 22:53:26
256,Bowen,-20.0167,148.2333,83.12,76,93,11.77,AU,2022-11-20 22:45:25
257,Batagay-Alyta,67.8006,130.4114,-22.02,95,88,4.76,RU,2022-11-20 22:53:27
258,Iquitos,-3.7481,-73.2472,86.04,74,40,3.44,PE,2022-11-20 22:53:27
259,Muravlenko,63.7898,74.523,-5.51,93,100,15.66,RU,2022-11-20 22:46:32
260,Shieli,44.1667,66.75,41.83,71,100,5.14,KZ,2022-11-20 22:53:27
261,Najran,17.4924,44.1277,65.05,60,14,1.39,SA,2022-11-20 22:40:29
262,Saint George,37.1041,-113.5841,57.43,23,0,3.44,US,2022-11-20 22:53:28
263,Manica,49.0,-1.1667,44.76,94,79,4.88,FR,2022-11-20 22:53:28
264,Padang,-0.9492,100.3543,75.25,88,97,2.93,ID,2022-11-20 22:53:28
265,Ilulissat,69.2167,-51.1,9.64,91,100,3.85,GL,2022-11-20 22:53:29
266,Carnarvon,-24.8667,113.6333,71.44,37,0,13.76,AU,2022-11-20 22:53:29
267,Menongue,-14.6585,17.691,67.1,67,67,5.37,AO,2022-11-20 22:53:29
268,Bhunya,-26.55,31.0167,56.41,89,73,2.24,SZ,2022-11-20 22:53:29
269,Saint-Paul,-21.0096,55.2707,71.71,77,7,12.8,RE,2022-11-20 22:53:30
270,Langxiang,46.95,128.8833,16.03,56,65,4.65,CN,2022-11-20 22:53:30
271,Brae,60.3964,-1.353,44.4,71,100,23.0,GB,2022-11-20 22:53:30
272,Tuatapere,-46.1333,167.6833,67.39,58,100,3.58,NZ,2022-11-20 22:53:31
273,Maningrida,-12.0667,134.2667,85.84,64,98,4.7,AU,2022-11-20 22:53:31
274,San Andres,12.5847,-81.7006,75.22,94,100,4.61,CO,2022-11-20 22:50:30
275,Ipixuna,-1.7625,-48.8043,79.23,77,99,4.0,BR,2022-11-20 22:53:31
276,Beringovskiy,63.05,179.3167,-2.87,89,27,20.71,RU,2022-11-20 22:53:31
277,Troitskoye,52.9821,84.6757,8.04,79,49,9.95,RU,2022-11-20 22:53:32
278,Aykhal,66.0,111.5,-19.52,100,65,5.39,RU,2022-11-20 22:53:32
279,Salalah,17.0151,54.0924,74.66,66,56,1.95,OM,2022-11-20 22:54:33
280,Vila Velha,-20.3297,-40.2925,75.15,90,75,4.61,BR,2022-11-20 22:53:32
281,Dudinka,69.4058,86.1778,-18.92,98,92,1.92,RU,2022-11-20 22:54:33
282,San Pedro,14.35,121.0167,76.32,94,100,1.14,PH,2022-11-20 22:54:33
283,Buala,-8.145,159.5921,85.59,61,72,10.49,SB,2022-11-20 22:54:33
284,Sayyan,15.1718,44.3244,48.58,66,47,5.99,YE,2022-11-20 22:54:34
285,Pereslavl-Zalesskiy,56.7393,38.8563,15.64,99,100,1.68,RU,2022-11-20 22:54:34
286,Ngawi,-7.4038,111.4461,75.67,87,99,1.99,ID,2022-11-20 22:54:34
287,Namatanai,-3.6667,152.4333,84.9,62,100,8.88,PG,2022-11-20 22:46:36
288,Denpasar,-8.65,115.2167,80.26,78,20,5.75,ID,2022-11-20 22:54:35
289,Kampot,10.6167,104.1833,75.25,88,100,6.31,KH,2022-11-20 22:54:35
290,Lazaro Cardenas,17.9583,-102.2,81.95,71,61,5.3,MX,2022-11-20 22:54:35
291,Carauari,-4.8828,-66.8958,81.16,75,72,2.51,BR,2022-11-20 22:54:36
292,Miri,4.4148,114.0089,75.34,94,40,0.0,MY,2022-11-20 22:54:36
293,Carutapera,-1.195,-46.02,78.51,82,72,7.7,BR,2022-11-20 22:54:36
294,Henties Bay,-22.116,14.2845,61.5,86,100,7.87,NA,2022-11-20 22:54:36
295,Kutum,14.2,24.6667,61.59,20,1,7.16,SD,2022-11-20 22:46:39
296,Ilebo,-4.3167,20.5833,70.12,97,100,0.56,CD,2022-11-20 22:54:37
297,Georgetown,5.4112,100.3354,78.73,96,20,5.01,MY,2022-11-20 22:49:38
298,Morecambe,54.0684,-2.8611,39.06,96,77,1.99,GB,2022-11-20 22:54:37
299,Olinda,-8.0089,-34.8553,80.33,65,40,9.22,BR,2022-11-20 22:50:43
300,Porto Novo,6.4965,2.6036,76.82,81,43,8.68,BJ,2022-11-20 22:54:37
301,Lata,40.1629,-8.3327,62.08,97,100,9.13,PT,2022-11-20 22:54:38
302,Baruun-Urt,46.6806,113.2792,8.62,72,0,7.16,MN,2022-11-20 22:54:38
303,Kruisfontein,-34.0033,24.7314,53.89,82,33,3.76,ZA,2022-11-20 22:54:38
304,Anzio,41.4853,12.6179,51.98,70,0,15.7,IT,2022-11-20 22:54:38
305,Lodwar,3.1191,35.5973,84.72,41,41,10.45,KE,2022-11-20 22:54:39
306,Ojinaga,29.5667,-104.4167,50.58,66,100,5.75,MX,2022-11-20 22:54:39
307,Dolores,-36.3132,-57.6792,62.58,96,100,7.56,AR,2022-11-20 22:54:39
308,Lamu,-2.2717,40.902,78.08,86,100,6.78,KE,2022-11-20 22:54:40
309,Kasongo-Lunda,-6.4667,16.8167,69.44,98,89,1.83,CD,2022-11-20 22:54:40
310,Mindelo,16.8901,-24.9804,74.75,57,40,20.71,CV,2022-11-20 22:54:40
311,Novaya Ladoga,60.1025,32.3019,22.42,93,58,3.74,RU,2022-11-20 22:54:41
312,Anadyr,64.75,177.4833,-14.3,76,20,15.66,RU,2022-11-20 22:54:41
313,Port Augusta,-32.5,137.7667,59.56,39,77,18.84,AU,2022-11-20 22:54:41
314,Kawalu,-7.3817,108.2082,72.77,88,97,0.98,ID,2022-11-20 22:54:42
315,Shenjiamen,29.9576,122.298,60.58,81,0,4.34,CN,2022-11-20 22:54:42
316,Watsa,3.0372,29.5355,61.99,98,79,2.75,CD,2022-11-20 22:54:42
317,Marfino,55.7028,37.3822,27.09,84,100,2.24,RU,2022-11-20 22:54:43
318,Toamasina,-18.1667,49.3833,77.0,88,75,5.75,MG,2022-11-20 22:54:43
319,Belaya Gora,68.5333,146.4167,-31.74,100,35,0.6,RU,2022-11-20 22:54:43
320,Nhulunbuy,-12.2333,136.7667,88.41,66,99,5.75,AU,2022-11-20 22:54:44
321,Ixtapa,20.7,-105.2,78.22,71,96,7.0,MX,2022-11-20 22:54:44
322,Kirkwall,58.9848,-2.9587,37.45,93,74,5.75,GB,2022-11-20 22:54:44
323,Khasan,42.4308,130.6434,39.88,84,100,14.05,RU,2022-11-20 22:54:44
324,Elizabeth City,36.2946,-76.2511,41.02,57,100,6.17,US,2022-11-20 22:54:45
325,Coari,-4.085,-63.1414,83.14,66,84,1.21,BR,2022-11-20 22:54:45
326,Katsuura,35.1333,140.3,55.42,95,100,8.3,JP,2022-11-20 22:50:03
327,Whitehorse,60.7161,-135.0538,31.01,88,75,23.02,CA,2022-11-20 22:55:45
328,Synya,65.3718,58.0387,32.52,98,100,9.26,RU,2022-11-20 22:55:46
329,Camacha,33.0833,-16.3333,62.02,72,40,9.22,PT,2022-11-20 22:55:46
330,Acari,-15.4311,-74.6158,71.22,65,83,5.3,PE,2022-11-20 22:55:46
331,Ancud,-41.8697,-73.8203,54.1,59,2,2.35,CL,2022-11-20 22:55:47
332,Cockburn Town,21.4612,-71.1419,80.56,69,40,11.5,TC,2022-11-20 22:55:30
333,Saint-Augustin,51.226,-58.6502,22.95,95,100,25.99,CA,2022-11-20 22:55:47
334,Teguldet,57.3064,88.1667,1.22,83,100,12.35,RU,2022-11-20 22:55:47
335,Husavik,66.0449,-17.3389,43.66,79,100,13.06,IS,2022-11-20 22:55:47
336,Bara,10.3744,10.7288,73.71,29,3,7.92,NG,2022-11-20 22:55:48
337,Kavarna,43.4333,28.3333,55.58,97,99,11.3,BG,2022-11-20 22:55:48
338,Touros,-5.1989,-35.4608,79.05,76,65,15.93,BR,2022-11-20 22:55:48
339,Boulder City,35.9786,-114.8325,59.43,13,0,5.75,US,2022-11-20 22:55:49
340,Saquarema,-22.92,-42.5103,75.24,84,2,8.86,BR,2022-11-20 22:55:49
341,Tramore,52.1624,-7.1524,52.09,92,100,18.01,IE,2022-11-20 22:55:49
342,Catalina,32.5056,-110.9211,66.43,29,0,3.38,US,2022-11-20 22:55:49
343,Esso,55.9333,158.7,11.14,88,91,3.98,RU,2022-11-20 22:55:50
344,Flinders,-34.5833,150.8552,67.37,51,29,15.01,AU,2022-11-20 22:55:50
345,Paungde,18.4833,95.5,68.81,68,49,7.65,MM,2022-11-20 22:55:50
346,Sambava,-14.2667,50.1667,70.57,88,6,4.81,MG,2022-11-20 22:55:51
347,Lahaina,20.8783,-156.6825,83.44,84,3,12.06,US,2022-11-20 22:54:16
348,Hambantota,6.1241,81.1185,74.55,87,1,6.58,LK,2022-11-20 22:55:51
349,Petropavlovsk-Kamchatskiy,53.0452,158.6483,10.99,73,75,8.95,RU,2022-11-20 22:52:27
350,Tanout,14.9709,8.8879,69.62,18,89,10.58,NE,2022-11-20 22:55:51
351,Kayes,14.0,-11.0,81.73,18,100,2.33,ML,2022-11-20 22:55:52
352,Orange Cove,36.6244,-119.3137,69.3,28,0,5.75,US,2022-11-20 22:53:48
353,Asau,46.4333,26.4,31.28,100,100,2.57,RO,2022-11-20 22:55:52
354,Byron Bay,-28.65,153.6167,78.94,36,78,5.39,AU,2022-11-20 22:55:52
355,Jeremie,18.65,-74.1167,79.07,79,83,1.21,HT,2022-11-20 22:55:52
356,Portland,45.5234,-122.6762,53.08,44,40,4.0,US,2022-11-20 22:55:02
357,Rorvik,64.8621,11.2373,22.98,86,0,1.14,NO,2022-11-20 22:55:53
358,Bend,44.0582,-121.3153,46.33,42,0,5.75,US,2022-11-20 22:54:32
359,Topeka,39.0483,-95.678,46.45,45,2,4.0,US,2022-11-20 22:54:34
360,Dukat,62.55,155.55,-10.01,82,56,3.02,RU,2022-11-20 22:55:53
361,Littlehampton,50.8069,-0.5378,45.75,88,21,10.07,GB,2022-11-20 22:55:53
362,Uyemskiy,64.4743,40.8524,24.85,100,100,2.24,RU,2022-11-20 22:55:54
363,Umba,66.6871,34.3429,25.2,89,94,3.47,RU,2022-11-20 22:55:54
364,Panacan,9.2463,118.4082,79.86,84,100,1.79,PH,2022-11-20 22:55:54
365,Champerico,14.3,-91.9167,90.14,76,67,4.47,GT,2022-11-20 22:55:54
366,Alofi,-19.0595,-169.9187,80.49,74,31,9.22,NU,2022-11-20 22:55:55
367,Saint-Pierre,-21.3393,55.4781,71.28,68,0,8.05,RE,2022-11-20 22:55:55
368,Vila Franca Do Campo,37.7167,-25.4333,67.19,92,100,11.14,PT,2022-11-20 22:55:55
369,Huangzhai,38.0751,112.6595,39.61,63,90,6.02,CN,2022-11-20 22:55:56
370,Rtishchevo,52.2604,43.7874,29.17,93,100,0.25,RU,2022-11-20 22:55:56
371,Sri Aman,1.2376,111.4621,75.25,100,89,0.0,MY,2022-11-20 22:55:56
372,Izumo,35.3667,132.7667,51.75,93,40,9.22,JP,2022-11-20 22:55:57
373,Ballina,-28.8667,153.5667,79.02,37,60,4.5,AU,2022-11-20 22:45:38
374,Bileca,42.8719,18.4297,49.89,92,100,5.12,BA,2022-11-20 22:55:57
375,Muros,42.7762,-9.0603,63.09,95,100,22.32,ES,2022-11-20 22:56:57
376,Mount Isa,-20.7333,139.5,82.17,20,40,12.66,AU,2022-11-20 22:56:57
377,Borogontsy,62.6683,131.1683,-33.12,100,74,2.53,RU,2022-11-20 22:56:58
378,Guilin,25.2819,110.2864,62.71,84,83,2.33,CN,2022-11-20 22:56:58
379,Ketchikan,55.3422,-131.6461,41.67,96,100,4.76,US,2022-11-20 22:56:58
380,Jalu,29.0331,21.5482,65.53,28,95,8.48,LY,2022-11-20 22:56:59
381,Sioux Lookout,50.1001,-91.917,21.27,79,100,10.36,CA,2022-11-20 22:56:59
382,Coamo,18.08,-66.3579,79.75,86,7,6.13,PR,2022-11-20 22:56:59
383,Shubarshi,48.5872,57.1869,34.47,100,100,1.81,KZ,2022-11-20 22:56:59
384,Yatou,37.15,122.3833,55.33,85,100,4.41,CN,2022-11-20 22:57:00
385,Mogadishu,2.0371,45.3438,79.14,80,48,8.59,SO,2022-11-20 22:57:00
386,Sobolevo,54.4299,31.8996,21.61,90,100,8.12,RU,2022-11-20 22:57:00
387,Akhaldaba,41.654,42.1516,52.36,64,100,6.62,GE,2022-11-20 22:57:01
388,Johnson City,36.3134,-82.3535,35.89,55,0,0.0,US,2022-11-20 22:52:11
389,Awbari,26.5921,12.7805,57.65,33,1,10.07,LY,2022-11-20 22:57:01
390,Lengshuijiang,27.6881,111.4294,60.26,91,58,1.7,CN,2022-11-20 22:57:01
391,Wanganui,-39.9333,175.05,66.6,71,91,11.01,NZ,2022-11-20 22:57:02
392,Wenatchee,47.4235,-120.3103,42.66,70,27,2.44,US,2022-11-20 22:57:02
393,Falmouth,50.1544,-5.0711,52.38,82,75,10.36,GB,2022-11-20 22:57:02
394,Karratha,-20.7377,116.8463,82.08,29,100,6.71,AU,2022-11-20 22:57:03
395,The Valley,18.217,-63.0578,80.74,78,20,13.8,AI,2022-11-20 22:57:03
396,Mecca,21.4267,39.8261,78.24,58,1,2.33,SA,2022-11-20 22:57:03
397,Ahipara,-35.1667,173.1667,65.91,76,97,14.25,NZ,2022-11-20 22:57:04
398,Lianzhou,24.7811,112.3825,63.61,96,47,0.6,CN,2022-11-20 22:57:04
399,Kenai,60.5544,-151.2583,38.14,80,100,6.8,US,2022-11-20 22:57:04
400,Xiaoweizhai,26.1903,107.5125,61.79,97,100,2.93,CN,2022-11-20 22:57:05
401,Dunmore Town,25.5,-76.65,80.26,71,62,11.74,BS,2022-11-20 22:57:05
402,Hualmay,-11.0964,-77.6139,66.38,79,83,8.48,PE,2022-11-20 22:57:05
403,Rio Grande,-32.035,-52.0986,75.31,81,100,19.39,BR,2022-11-20 22:57:05
404,Boralday,43.3578,76.8594,40.86,87,100,8.95,KZ,2022-11-20 22:57:06
405,Cantapoy,9.4906,125.4364,78.93,83,50,4.7,PH,2022-11-20 22:57:06
406,Atambua,-9.1061,124.8925,74.37,91,100,0.45,ID,2022-11-20 22:57:06
407,Lac Du Bonnet,50.2536,-96.0612,17.04,91,100,6.04,CA,2022-11-20 22:57:07
408,Milkovo,54.7167,158.6167,10.58,88,87,0.76,RU,2022-11-20 22:57:07
409,Taunggyi,20.7833,97.0333,56.57,94,55,2.59,MM,2022-11-20 22:57:07
410,Inirida,3.8653,-67.9239,76.89,92,98,2.89,CO,2022-11-20 22:57:08
411,Itoman,26.1247,127.6694,75.22,78,20,13.8,JP,2022-11-20 22:57:08
412,Prince Rupert,54.3161,-130.3201,46.09,84,100,26.46,CA,2022-11-20 22:57:08
413,Barcelos,41.5388,-8.6151,62.74,96,100,15.48,PT,2022-11-20 22:57:09
414,Agadez,19.75,10.25,67.32,16,82,5.68,NE,2022-11-20 22:57:09
415,Creel,27.75,-107.6333,52.75,33,0,14.23,MX,2022-11-20 22:57:09
416,Belem De Sao Francisco,-8.7539,-38.9658,88.95,31,100,22.26,BR,2022-11-20 22:57:10
417,Walvis Bay,-22.9575,14.5053,65.35,68,100,9.22,NA,2022-11-20 22:57:10
418,Kargasok,59.0556,80.8572,-15.68,97,68,7.65,RU,2022-11-20 22:58:10
419,Cururupu,-1.8283,-44.8683,75.92,88,57,3.49,BR,2022-11-20 22:58:10
420,Kungurtug,50.5994,97.5228,10.08,90,100,1.3,RU,2022-11-20 22:58:11
421,Coruripe,-10.1256,-36.1756,77.61,79,90,13.4,BR,2022-11-20 22:58:11
422,Eureka,40.8021,-124.1637,61.2,75,74,3.0,US,2022-11-20 22:53:20
423,Esperance,-33.8667,121.9,57.24,56,83,7.05,AU,2022-11-20 22:58:12
424,Kodinsk,58.6881,99.1844,-10.14,96,53,3.13,RU,2022-11-20 22:58:12
425,Necochea,-38.5473,-58.7368,55.94,85,97,13.71,AR,2022-11-20 22:58:12
426,Aripuana,-9.1667,-60.6333,80.78,66,87,1.99,BR,2022-11-20 22:58:13
427,Uyuni,-20.4597,-66.825,56.7,7,0,14.88,BO,2022-11-20 22:58:13
428,Turayf,31.6725,38.6637,50.25,81,0,4.61,SA,2022-11-20 22:58:13
429,Oconomowoc,43.1117,-88.4993,30.04,63,0,8.05,US,2022-11-20 22:57:10
430,Nichinan,31.6,131.3667,56.88,84,1,4.09,JP,2022-11-20 22:58:13
431,Mkushi,-13.6202,29.3939,70.45,47,26,4.18,ZM,2022-11-20 22:58:14
432,Ushtobe,45.2514,77.9838,42.3,80,100,10.63,KZ,2022-11-20 22:58:14
433,Novouralsk,57.2439,60.0839,9.5,80,12,6.02,RU,2022-11-20 22:58:14
434,Batsfjord,70.6345,29.7185,35.53,86,75,4.61,NO,2022-11-20 22:58:15
435,Athmallik,20.7219,84.5348,62.38,56,99,1.72,IN,2022-11-20 22:58:15
436,Berlevag,70.8578,29.0864,37.4,80,75,11.5,NO,2022-11-20 22:58:15
437,Boguchar,49.9358,40.545,35.35,97,100,12.41,RU,2022-11-20 22:58:16
438,Pechenga,69.5259,31.1703,15.58,83,5,3.69,RU,2022-11-20 22:58:16
439,Sembe,1.6481,14.5806,71.62,95,84,1.41,CG,2022-11-20 22:58:16
440,Corrente,-3.7367,-43.3394,76.01,76,68,3.91,BR,2022-11-20 22:58:16
441,Constantine,36.365,6.6147,47.61,76,40,10.36,DZ,2022-11-20 22:58:17
442,Ocho Rios,18.4025,-77.1048,80.8,82,62,7.61,JM,2022-11-20 22:58:17
443,Port Hedland,-20.3167,118.5667,81.12,38,100,9.35,AU,2022-11-20 22:58:18
444,Redlands,34.0556,-117.1825,75.18,16,0,5.75,US,2022-11-20 22:55:38
445,Kushmurun,52.4503,64.6311,4.71,95,92,1.16,KZ,2022-11-20 22:58:18
446,Sao Joao Da Barra,-21.6403,-41.0511,77.09,89,19,8.14,BR,2022-11-20 22:58:18
447,Tazovskiy,67.4667,78.7,-13.94,96,99,9.46,RU,2022-11-20 22:58:18
448,Sugar Hill,34.1065,-84.0335,43.99,43,76,2.01,US,2022-11-20 22:58:19
449,Pedasi,7.5333,-80.0333,80.06,86,100,6.6,PA,2022-11-20 22:58:19
450,Haines Junction,60.7522,-137.5108,35.55,93,100,10.36,CA,2022-11-20 22:58:19
451,Payo,-3.7508,103.6372,71.4,89,60,1.54,ID,2022-11-20 22:58:20
452,Red Bluff,40.1785,-122.2358,65.86,28,94,3.04,US,2022-11-20 22:57:12
453,Tura,25.5198,90.2201,58.95,78,92,4.14,IN,2022-11-20 22:58:20
454,Arroio Dos Ratos,-30.0772,-51.7292,72.77,69,100,7.92,BR,2022-11-20 22:58:20
455,Ormara,25.2088,64.6357,77.09,77,0,8.88,PK,2022-11-20 22:58:21
456,Hobyo,5.3505,48.5268,80.73,75,94,14.74,SO,2022-11-20 22:58:21
457,Opuwo,-18.0607,13.84,73.18,62,100,9.98,NA,2022-11-20 22:58:21
458,San Isidro,-12.1167,-77.05,65.79,72,40,10.36,PE,2022-11-20 22:58:21
459,Chalus,36.655,51.4204,49.46,87,0,0.0,IR,2022-11-20 22:58:22
460,Roald,62.5833,6.1333,34.75,69,0,5.75,NO,2022-11-20 22:58:22
461,Ilinskiy,55.619,38.1182,27.52,93,100,7.0,RU,2022-11-20 22:58:22
462,Charters Towers,-20.1,146.2667,82.4,64,100,6.26,AU,2022-11-20 22:59:23
463,Jiayuguan,39.8167,98.3,31.44,30,100,1.59,CN,2022-11-20 22:59:23
464,Lasa,46.6166,10.7002,31.03,63,77,4.23,IT,2022-11-20 22:59:23
465,Linxia,35.6003,103.2064,30.56,76,97,1.79,CN,2022-11-20 22:59:24
466,Emerald,-23.5333,148.1667,82.35,73,62,6.71,AU,2022-11-20 22:59:24
467,Konyshevka,51.8418,35.2941,25.72,96,100,12.93,RU,2022-11-20 22:59:24
468,Fairbanks,64.8378,-147.7164,25.61,91,100,2.33,US,2022-11-20 22:59:24
469,Mao,39.8885,4.2658,55.96,82,20,5.75,ES,2022-11-20 22:59:25
470,Praia Da Vitoria,38.7333,-27.0667,70.05,88,75,9.22,PT,2022-11-20 22:59:25
471,Midland,31.9974,-102.0779,43.05,56,100,5.75,US,2022-11-20 22:57:31
472,Nacimiento,-37.5,-72.6667,68.36,34,0,11.21,CL,2022-11-20 22:59:25
473,Kirakira,-10.4544,161.9205,83.23,77,37,8.1,SB,2022-11-20 22:59:26
474,Puerto Escondido,15.85,-97.0667,82.54,75,8,4.03,MX,2022-11-20 22:59:26
475,Artyom,40.4723,50.333,53.74,76,87,3.36,AZ,2022-11-20 22:59:26
476,Half Moon Bay,37.4636,-122.4286,68.92,41,0,5.75,US,2022-11-20 22:59:27
477,Aswan,24.0934,32.907,70.9,46,0,5.75,EG,2022-11-20 22:57:27
478,Polunochnoye,60.8697,60.4153,4.39,94,59,4.43,RU,2022-11-20 22:59:27
479,Frederikshavn,57.4407,10.5366,36.36,76,100,18.48,DK,2022-11-20 22:59:27
480,Port Hardy,50.6996,-127.4199,42.98,87,100,14.97,CA,2022-11-20 22:59:28
481,Bobon,12.5246,124.5636,78.94,88,77,7.29,PH,2022-11-20 22:59:28
482,Yerbogachen,61.2767,108.0108,1.22,88,100,8.14,RU,2022-11-20 22:59:28
483,Zhuhai,22.2769,113.5678,74.98,83,40,14.97,CN,2022-11-20 22:59:28
484,Pasni,25.2631,63.471,76.73,73,0,6.04,PK,2022-11-20 22:59:29
485,Haradok,55.4624,29.9816,17.71,89,89,8.41,BY,2022-11-20 22:57:15
486,Palasa,18.7667,84.4167,70.52,55,80,6.82,IN,2022-11-20 22:59:29
487,Strezhevoy,60.7333,77.5889,-20.07,99,33,5.48,RU,2022-11-20 22:59:29
488,Boa Vista,2.8197,-60.6733,84.18,61,20,9.22,BR,2022-11-20 22:55:43
489,Catamarca,-28.4696,-65.7852,67.69,83,94,13.4,AR,2022-11-20 22:59:30
490,Seydisehir,37.4193,31.8453,49.57,71,100,4.03,TR,2022-11-20 22:59:30
491,Gubbio,43.3545,12.5725,39.96,85,16,1.03,IT,2022-11-20 22:56:12
492,Mehamn,71.0357,27.8492,37.35,81,75,9.22,NO,2022-11-20 22:59:30
493,Nanticoke,41.2054,-76.0049,29.46,55,54,9.57,US,2022-11-20 22:59:31
494,Otradnoye,59.7775,30.8181,23.09,96,59,3.22,RU,2022-11-20 22:59:31
495,Bereda,43.2686,-7.5406,59.41,100,100,11.36,ES,2022-11-20 22:59:31
496,San Angelo,31.4638,-100.437,38.28,89,100,3.44,US,2022-11-20 22:59:32
497,Havoysund,70.9963,24.6622,37.63,78,4,2.77,NO,2022-11-20 22:59:32
498,Bilibino,68.0546,166.4372,-17.36,99,100,2.77,RU,2022-11-20 22:59:32
499,Murcia,38.0,-1.5,56.52,57,5,6.87,ES,2022-11-20 22:59:32
500,Avera,33.194,-82.5271,42.31,39,100,4.38,US,2022-11-20 22:59:33
501,Kibre Mengist,5.8833,38.9833,54.18,77,80,2.66,ET,2022-11-20 22:59:33
502,Muisne,0.6,-80.0333,73.76,83,100,10.29,EC,2022-11-20 22:59:33
503,Panguna,-6.3164,155.4848,80.29,57,70,4.76,PG,2022-11-20 22:59:34
504,Moerai,-22.4333,-151.3333,72.54,66,4,15.84,PF,2022-11-20 22:59:34
505,Garowe,8.4054,48.4845,72.9,71,77,12.68,SO,2022-11-20 22:59:35
506,Dzaoudzi,-12.7887,45.2699,78.69,83,0,5.75,YT,2022-11-20 22:59:35
507,Tacuarembo,-31.7333,-55.9833,82.6,40,100,5.12,UY,2022-11-20 22:58:26
508,Verkhnedneprovskiy,54.9813,33.3457,21.4,90,100,7.76,RU,2022-11-20 22:59:35
509,Solnechnyy,50.7214,136.6319,18.39,85,11,4.29,RU,2022-11-20 22:59:36
510,Cache Creek,50.8101,-121.3246,31.91,96,93,2.37,CA,2022-11-20 23:00:32
511,Susangerd,31.5608,48.1831,64.53,47,0,7.54,IR,2022-11-20 23:00:36
512,Pangkalanbuun,-2.6833,111.6167,74.82,97,100,1.25,ID,2022-11-20 23:00:36
513,Lubumbashi,-11.6609,27.4794,63.86,82,32,3.04,CD,2022-11-20 23:00:37
514,Davidson,36.1501,-86.7833,39.65,35,0,0.0,US,2022-11-20 23:00:38
515,Kukmor,56.1855,50.8944,22.06,87,100,3.51,RU,2022-11-20 23:00:39
516,Sinnamary,5.3833,-52.95,79.52,81,96,10.87,GF,2022-11-20 23:00:39
517,Canton,23.1167,113.25,74.88,66,3,5.12,CN,2022-11-20 22:58:47
518,Baykit,61.67,96.37,-2.31,98,100,5.08,RU,2022-11-20 23:00:39
519,Sabang,5.8933,95.3214,80.67,78,100,16.96,ID,2022-11-20 23:00:40
520,Elbistan,38.2059,37.1983,49.86,66,100,0.13,TR,2022-11-20 23:00:40
521,Abaete,-19.16,-45.4458,70.36,77,88,5.53,BR,2022-11-20 23:00:41
522,Masvingo,-20.0637,30.8277,63.86,75,14,12.64,ZW,2022-11-20 23:00:41
523,Kyzyl-Suu,42.3414,78.0056,32.18,61,79,7.92,KG,2022-11-20 23:00:41
524,Zhifang,30.35,114.3167,60.4,80,43,5.99,CN,2022-11-20 23:00:42
525,Tornio,65.8481,24.1466,6.82,88,17,4.45,FI,2022-11-20 23:00:42
526,Narsaq,60.9167,-46.05,25.02,85,100,4.85,GL,2022-11-20 23:00:42
527,Jackson,42.4165,-122.8345,55.92,37,98,1.99,US,2022-11-20 22:58:09
528,Constitucion,-35.3333,-72.4167,59.77,67,0,15.84,CL,2022-11-20 23:00:43
529,Biak,-0.9131,122.8766,76.33,83,100,1.52,ID,2022-11-20 23:00:43
530,Xiaoshan,30.1675,120.2588,59.86,94,75,4.47,CN,2022-11-20 23:00:44
531,Nome,64.5011,-165.4064,30.16,84,100,8.08,US,2022-11-20 23:00:44
532,Nioro,13.35,-15.75,73.49,30,100,4.12,GM,2022-11-20 23:00:45
533,Kahului,20.8947,-156.47,81.97,80,9,5.99,US,2022-11-20 23:00:08
534,Antofagasta,-23.65,-70.4,62.82,82,11,6.2,CL,2022-11-20 23:00:10
535,Mangai,-4.05,19.5333,69.94,99,100,2.75,CD,2022-11-20 23:00:45
536,Chicama,-7.8447,-79.1469,68.0,74,10,7.87,PE,2022-11-20 23:00:46
537,Virginia Beach,36.8529,-75.978,44.02,56,92,12.12,US,2022-11-20 22:58:11
538,Gorbehaza,47.8333,21.2333,33.98,86,89,2.33,HU,2022-11-20 23:00:46
539,Labuhan,-6.8844,112.2051,78.93,80,100,6.22,ID,2022-11-20 23:00:47
540,Yulara,-25.2406,130.9889,72.63,24,96,14.58,AU,2022-11-20 23:00:47
541,Winchester,51.0651,-1.3187,42.66,92,100,6.91,GB,2022-11-20 23:00:13
542,Saint Joseph,39.7686,-94.8466,44.98,37,0,12.66,US,2022-11-20 23:00:48
543,Varhaug,58.6147,5.6457,33.89,50,73,2.39,NO,2022-11-20 23:00:48
544,Port Shepstone,-30.7414,30.455,63.16,81,21,8.48,ZA,2022-11-20 23:00:49
545,Santa Cruz,-17.8,-63.1667,88.92,41,18,6.46,BO,2022-11-20 23:00:07
546,Williams Lake,52.1415,-122.1445,31.84,85,100,2.44,CA,2022-11-20 23:00:34
547,Kastamonu,41.5,33.6667,51.8,75,100,1.77,TR,2022-11-20 23:00:49
548,Kanungu,-0.9575,29.7897,59.92,97,99,2.44,UG,2022-11-20 23:00:49
549,Zhanaozen,43.3,52.8,47.68,94,63,4.23,KZ,2022-11-20 23:00:50
550,Requena,39.4883,-1.1004,51.51,84,83,14.47,ES,2022-11-20 23:00:50
551,Baisha,26.5222,110.9311,61.92,92,83,1.41,CN,2022-11-20 23:00:50
552,Leh,34.1667,77.5833,11.23,79,13,2.86,IN,2022-11-20 23:00:51
553,Enumclaw,47.2043,-121.9915,52.63,44,55,3.0,US,2022-11-20 22:56:35
554,Ambon,-3.6954,128.1814,78.94,94,40,5.75,ID,2022-11-20 22:57:35
555,Hohhot,40.8106,111.6522,30.52,47,39,3.29,CN,2022-11-20 23:00:51
556,Dzilam Gonzalez,21.2833,-88.9333,77.14,83,75,4.43,MX,2022-11-20 23:00:52
557,Kieta,-6.2167,155.6333,84.56,62,65,6.24,PG,2022-11-20 23:01:52
558,Houston,29.7633,-95.3633,55.0,59,100,6.91,US,2022-11-20 23:00:52
559,Kitui,-1.367,38.0106,64.4,90,90,1.74,KE,2022-11-20 23:01:52
560,Sochi,43.6,39.7303,59.09,67,100,7.96,RU,2022-11-20 23:01:53
561,Bulaevo,54.9056,70.4439,12.2,89,99,7.45,KZ,2022-11-20 23:01:53
562,Dingzhou,38.5131,114.9956,43.48,88,87,6.82,CN,2022-11-20 23:01:53
563,La Ronge,55.1001,-105.2842,23.43,83,58,9.95,CA,2022-11-20 23:01:54
564,Vallenar,-28.5708,-70.7581,74.89,46,0,5.79,CL,2022-11-20 23:01:54
565,Northampton,40.8754,-75.2499,28.98,44,15,1.01,US,2022-11-20 23:01:54
566,Alenquer,-1.9417,-54.7383,83.61,54,79,4.88,BR,2022-11-20 23:01:55
567,Chardara,41.2547,67.9692,51.44,71,6,10.18,KZ,2022-11-20 23:01:55
568,Ingham,42.6,-84.3833,22.95,73,0,0.0,US,2022-11-20 23:01:55
569,Wonthaggi,-38.6044,145.5913,46.81,78,96,27.63,AU,2022-11-20 23:01:56
570,Benguela,-12.5763,13.4055,76.32,81,90,5.21,AO,2022-11-20 23:00:34
571,Petropavl,54.8753,69.1628,11.84,89,99,7.52,KZ,2022-11-20 23:01:56
572,Gamba,-2.65,10.0,75.11,91,100,2.48,GA,2022-11-20 23:01:56
573,Lodeynoye Pole,60.726,33.5531,17.98,99,61,1.81,RU,2022-11-20 23:01:57
574,Deputatskiy,69.3,139.9,-18.72,90,97,0.65,RU,2022-11-20 23:01:57
575,Coquimbo,-29.9533,-71.3436,62.33,77,0,9.22,CL,2022-11-20 22:59:57
576,Mantua,45.1667,10.7833,42.04,89,60,1.01,IT,2022-11-20 23:01:57
577,Grafton,42.207,-71.6856,30.97,44,2,4.0,US,2022-11-20 23:01:58
578,Grigoropolisskaya,45.2972,41.0567,56.79,59,100,7.36,RU,2022-11-20 23:01:58
579,Hammerfest,70.6634,23.6821,28.85,100,20,2.3,NO,2022-11-20 23:01:58
580,Gazimurskiy Zavod,51.5461,118.3266,-13.61,98,10,3.33,RU,2022-11-20 23:01:59
581,Ishinomaki,38.4167,141.3,51.85,97,100,7.81,JP,2022-11-20 23:01:59
582,Makat,47.6469,53.3463,39.02,94,36,8.52,KZ,2022-11-20 23:01:59
583,Parfenyevo,58.484,43.4088,12.4,92,47,2.33,RU,2022-11-20 23:02:00
584,Benoy,8.9833,16.3199,74.71,32,14,2.59,TD,2022-11-20 23:02:00
585,Lohja,60.2486,24.0653,27.45,83,37,7.54,FI,2022-11-20 23:02:00
586,Margate,51.3813,1.3862,45.7,84,88,4.0,GB,2022-11-20 23:01:44
587,Pochutla,15.7432,-96.4661,81.82,73,10,5.3,MX,2022-11-20 23:02:00
588,Kalmunai,7.4167,81.8167,72.28,87,5,8.01,LK,2022-11-20 23:02:01
589,Maumere,-8.6199,122.2111,81.41,77,91,5.59,ID,2022-11-20 23:02:01
590,Sandy Bay,-42.913,147.3532,51.3,63,75,18.41,AU,2022-11-20 23:02:02
591,Caravelas,-17.7125,-39.2481,71.08,96,100,2.19,BR,2022-11-20 23:02:02
592,Beberibe,-4.1797,-38.1306,79.48,77,54,14.61,BR,2022-11-20 22:58:32
593,Xichang,27.8964,102.2634,42.82,74,31,1.45,CN,2022-11-20 23:02:02
594,Leshukonskoye,64.8989,45.7622,29.89,95,100,6.96,RU,2022-11-20 23:02:02
595,Presidente Prudente,-22.1256,-51.3889,83.75,45,0,4.61,BR,2022-11-20 22:59:50
596,Richards Bay,-28.783,32.0377,62.83,74,2,2.98,ZA,2022-11-20 23:02:03
597,Zhangjiakou,40.81,114.8794,32.04,47,1,3.98,CN,2022-11-20 23:02:03
598,Northam,51.0333,-4.2167,47.61,88,41,9.53,GB,2022-11-20 23:02:03
599,Mombetsu,44.3525,143.3525,44.82,86,100,4.83,JP,2022-11-20 23:02:04
600,Kankaanpaa,61.8,22.4167,27.36,84,84,8.57,FI,2022-11-20 23:02:04
601,Camargo,27.6667,-105.1667,52.59,60,99,7.0,MX,2022-11-20 23:02:04
602,Raudeberg,61.9875,5.1352,30.96,41,7,6.55,NO,2022-11-20 23:02:05
603,Antigonish,45.6169,-61.9986,37.27,92,37,8.99,CA,2022-11-20 23:03:05
604,Ko Samui,9.5357,99.9357,79.92,79,100,11.5,TH,2022-11-20 23:03:05
605,Zhezkazgan,47.8043,67.7144,30.88,99,100,7.02,KZ,2022-11-20 23:03:06
606,Diego De Almagro,-26.3667,-70.05,70.18,35,0,5.97,CL,2022-11-20 23:01:29
607,Acapulco,16.8634,-99.8901,82.45,75,16,6.46,MX,2022-11-20 23:02:01
608,Norrtalje,59.758,18.705,33.03,60,100,14.18,SE,2022-11-20 23:02:13
609,Bucerias,20.75,-105.3333,78.98,69,75,10.36,MX,2022-11-20 23:03:06
610,Gorodovikovsk,46.0878,41.9335,54.32,71,100,6.35,RU,2022-11-20 23:03:06
611,Yulin,22.6333,110.15,70.75,86,34,1.95,CN,2022-11-20 23:00:34
612,Erzin,36.9559,36.2,63.01,59,93,4.09,TR,2022-11-20 23:03:07
613,Honiara,-9.4333,159.95,85.86,67,66,5.12,SB,2022-11-20 23:03:07
614,Jingcheng,32.0142,120.2625,57.0,91,55,2.93,CN,2022-11-20 23:03:07
615,Nexo,55.0607,15.1306,26.69,65,90,7.87,DK,2022-11-20 23:03:08
616,Maubin,16.7333,95.65,71.55,69,17,6.11,MM,2022-11-20 23:03:08
617,Gat,31.61,34.7642,71.08,38,62,14.41,IL,2022-11-20 23:03:08
618,Manono,-7.3,27.4167,67.15,96,96,1.9,CD,2022-11-20 23:02:17
619,Dubai,25.2582,55.3047,82.33,57,20,8.05,AE,2022-11-20 22:59:00
620,Ntcheu,-14.8203,34.6359,73.92,56,83,6.42,MW,2022-11-20 23:03:09
621,Darnah,32.767,22.6367,69.46,34,98,11.18,LY,2022-11-20 23:03:09
622,Sola,-13.8833,167.55,82.47,73,18,11.74,VU,2022-11-20 23:03:09
623,Port Lincoln,-34.7333,135.8667,54.41,56,98,20.83,AU,2022-11-20 23:00:34
624,Dumas,35.8656,-101.9732,50.54,23,0,8.05,US,2022-11-20 23:03:10
625,Diamantino,-14.4086,-56.4461,81.88,58,27,8.86,BR,2022-11-20 23:03:10
626,Bilma,18.6853,12.9164,69.69,20,31,5.61,NE,2022-11-20 23:03:10
627,Apac,1.9756,32.5386,63.64,96,97,2.1,UG,2022-11-20 23:03:11
628,Chumphon,10.3333,98.8333,69.73,96,100,1.19,TH,2022-11-20 23:03:11
629,Lysyanka,49.2523,30.8295,33.39,100,100,1.92,UA,2022-11-20 23:03:11
630,Chervone,49.9564,28.8645,31.15,99,100,1.57,UA,2022-11-20 23:03:12
631,Rottingdean,50.8098,-0.0594,45.68,87,25,4.0,GB,2022-11-20 23:03:12
632,Gizo,-8.103,156.8419,84.63,61,27,9.86,SB,2022-11-20 23:03:12
633,San Julian,21.0167,-102.1667,65.86,44,100,3.91,MX,2022-11-20 23:03:12
634,Tual,-5.6667,132.75,84.87,71,100,8.86,ID,2022-11-20 23:03:13
635,Jacmel,18.2342,-72.5347,82.24,78,6,2.33,HT,2022-11-20 23:03:13
636,Abu Dhabi,24.4667,54.3667,78.91,66,0,8.05,AE,2022-11-20 23:03:13
637,Lagoa,39.05,-27.9833,64.2,96,98,16.75,PT,2022-11-20 23:03:14
638,Peoria,40.7667,-89.7668,35.35,44,44,12.19,US,2022-11-20 23:02:33
639,Ola,59.5833,151.2833,14.99,78,100,10.09,RU,2022-11-20 23:03:14
640,Artigas,-30.4,-56.4667,79.38,59,100,12.77,UY,2022-11-20 23:01:26
641,Iguape,-24.7081,-47.5553,71.1,85,19,7.0,BR,2022-11-20 23:03:14
642,Inhambane,-23.865,35.3833,69.22,65,18,10.65,MZ,2022-11-20 23:03:15
643,Tiffin,41.1145,-83.178,25.34,46,6,6.58,US,2022-11-20 23:03:15
644,Beloha,-25.1667,45.05,70.21,76,85,13.78,MG,2022-11-20 23:03:15
645,Aloleng,16.1307,119.7824,79.48,77,100,11.41,PH,2022-11-20 23:03:16
646,Katobu,-4.9408,122.5276,76.15,91,100,4.9,ID,2022-11-20 23:03:16
647,Hangu,39.2489,117.7892,42.84,71,99,7.02,CN,2022-11-20 23:03:16
648,Yushan,31.3776,120.9543,59.99,84,28,1.79,CN,2022-11-20 23:03:16
649,Cape Coast,5.1053,-1.2466,78.71,83,95,8.1,GH,2022-11-20 23:03:17
650,Maxixe,-23.8597,35.3472,67.84,67,19,8.95,MZ,2022-11-20 23:04:17
651,Lukulu,-14.3707,23.242,69.71,65,40,4.36,ZM,2022-11-20 23:04:17
652,Qasigiannguit,68.8193,-51.1922,25.05,92,100,4.05,GL,2022-11-20 23:04:18
653,Ranong,9.9658,98.6348,76.66,88,98,1.1,TH,2022-11-20 23:04:18
654,Ponta Do Sol,32.6667,-17.1,65.71,72,28,5.75,PT,2022-11-20 23:04:18
655,Voitsberg,47.0333,15.15,34.74,95,9,2.53,AT,2022-11-20 23:00:32
656,Mareeba,-17.0,145.4333,86.49,75,22,1.12,AU,2022-11-20 23:04:18
657,Balabac,7.9868,117.0645,80.96,78,100,5.19,PH,2022-11-20 23:04:19
658,Lavrentiya,65.5833,-171.0,19.53,86,100,15.5,RU,2022-11-20 23:04:19
659,Port Blair,11.6667,92.75,79.03,80,54,4.5,IN,2022-11-20 23:04:19
660,Oktyabrskoye,43.0645,44.7417,35.74,93,79,2.24,RU,2022-11-20 23:04:19
661,Havelock,34.8791,-76.9013,43.95,52,100,1.99,US,2022-11-20 22:59:57
662,Rio Gallegos,-51.6226,-69.2181,57.49,37,88,4.61,AR,2022-11-20 23:00:26
663,Gambiran,-6.7988,111.4951,74.7,88,100,4.79,ID,2022-11-20 23:04:20
664,Hatfield,51.7634,-0.2242,43.66,93,51,11.5,GB,2022-11-20 22:59:21
665,Tarko-Sale,64.9225,77.785,-11.27,92,99,10.8,RU,2022-11-20 23:04:20
666,Vanimo,-2.6741,141.3028,81.95,78,95,3.44,PG,2022-11-20 23:04:20
667,Gobabis,-22.45,18.9667,77.05,29,100,8.55,NA,2022-11-20 23:04:21
668,Mozarlandia,-14.7447,-50.5706,78.03,67,47,6.11,BR,2022-11-20 23:04:21
669,Cartagena,10.3997,-75.5144,81.63,81,100,4.61,CO,2022-11-20 23:02:09
670,Nefteyugansk,61.0998,72.6035,-12.28,93,65,8.93,RU,2022-11-20 23:03:01
671,Lakes Entrance,-37.8811,147.981,59.16,42,39,21.99,AU,2022-11-20 23:04:21
672,Adre,13.4667,22.2,66.16,20,1,10.47,TD,2022-11-20 23:04:22
673,San Luis,-33.295,-66.3356,63.09,40,99,15.88,AR,2022-11-20 23:02:57
674,Progreso,21.2833,-89.6667,80.11,80,72,6.49,MX,2022-11-20 23:04:22
675,Katherine,-14.4667,132.2667,84.52,74,100,0.0,AU,2022-11-20 23:04:22
676,Oranjemund,-28.55,16.4333,60.01,92,83,7.76,NA,2022-11-20 23:04:22
677,Ovalle,-30.5983,-71.2003,75.16,42,3,5.14,CL,2022-11-20 23:04:23
678,Bonavista,48.6499,-53.1147,35.87,99,100,30.76,CA,2022-11-20 23:04:23
679,Ilo,-17.6394,-71.3375,64.92,83,26,2.59,PE,2022-11-20 23:04:23
680,Sterling,39.0062,-77.4286,34.54,33,0,5.75,US,2022-11-20 23:02:06
681,Phan Thiet,10.9333,108.1,75.63,88,100,3.91,VN,2022-11-20 23:04:23
682,Micheweni,-4.9667,39.8333,78.4,88,68,6.31,TZ,2022-11-20 23:04:24
683,Phuket,8.0,98.25,83.12,84,20,2.3,TH,2022-11-20 23:04:24
684,Namibe,-15.1961,12.1522,72.88,76,100,6.13,AO,2022-11-20 23:04:24
685,Saint-Francois,46.4154,3.9054,42.24,93,75,2.3,FR,2022-11-20 23:04:25
686,Broome,42.2506,-75.833,25.63,62,100,13.8,US,2022-11-20 23:04:25
687,Amilly,47.9728,2.7719,44.89,94,49,12.03,FR,2022-11-20 23:04:25
688,La Ligua,-32.4524,-71.2311,64.9,59,7,5.08,CL,2022-11-20 23:04:26
689,Karla,59.3723,24.9275,18.14,79,0,11.5,EE,2022-11-20 23:04:26
690,Talas,38.6908,35.5538,41.67,81,0,1.14,TR,2022-11-20 23:04:26
691,Baherden,38.4362,57.4316,56.77,54,35,4.07,TM,2022-11-20 23:04:26
692,Alanya,36.5438,31.9998,60.93,65,100,4.47,TR,2022-11-20 23:04:27
693,Mutoko,-17.397,32.2268,68.67,70,1,4.65,ZW,2022-11-20 23:04:27
694,Knysna,-34.0363,23.0471,57.43,76,0,3.06,ZA,2022-11-20 23:05:27
695,Rivera,-30.9053,-55.5508,80.73,38,100,3.76,UY,2022-11-20 23:05:27
696,Cap Malheureux,-19.9842,57.6142,71.47,73,2,8.77,MU,2022-11-20 23:05:28
697,Ouango,4.3133,22.5552,68.65,64,89,1.36,CF,2022-11-20 23:05:28
