Hotel_Location,City,Country,Max Temp,Lat,Lng,Hotel Name
4,Cabo San Lucas,MX,80.62,22.8909,-109.9124,Hotel Tesoro Los Cabos
5,Lorengau,PG,84.92,-2.0226,147.2712,Lorengau Harbourside Hotel
6,Faanui,PF,78.39,-16.4833,-151.75,Bora-Bora Pearl Beach Resort & Spa
7,Mossendjo,CG,68.23,-2.9506,12.7261,HOTEL D'ASSISE
12,Gewane,ET,74.52,10.1664,40.6453,እንደገና ገዋኔ ሞቴል
13,Kapaa,US,84.18,22.0752,-159.319,Sheraton Kauai Coconut Beach Resort
16,Mahebourg,MU,72.25,-20.4081,57.7,Shandrani Beachcomber Resort & Spa
17,Bambous Virieux,MU,72.21,-20.3428,57.7575,Casa Tia Villa
21,Port Macquarie,AU,75.65,-31.4333,152.9167,Rydges Port Macquarie
23,Tautira,PF,76.87,-17.7333,-149.15,Pension Oaoa
26,Port Alfred,ZA,60.19,-33.5906,26.891,The Halyards Hotel & Spa
28,Atuona,PF,77.54,-9.8,-139.0333,Villa Enata
30,San Quintin,MX,67.32,30.4833,-115.95,Don Eddie's Sport Fishing Center
32,East London,ZA,62.08,-33.0153,27.9116,Tu Casa
33,Kamariotissa,GR,66.31,40.4833,25.4667,Niki Beach
36,Mataura,NZ,69.96,-46.1927,168.8643,Ellie's Villa
38,Hilo,US,80.26,19.7297,-155.09,Hilo Hawaiian Hotel
42,Saint-Philippe,RE,71.19,-21.3585,55.7679,Le four à pain
43,Dingle,PH,77.7,10.9995,122.6711,SEGAYA PROPERTY
46,Castro,BR,63.55,-24.7911,-50.0119,CHACARA BAILLY
50,Shingu,JP,60.85,33.7333,135.9833,Shingu UI Hotel
54,Vaini,TO,80.76,-21.2,-175.2,Keleti Beach Resort
55,Guerrero Negro,MX,70.09,27.9769,-114.0611,"Casa Laguna, Bed & Breakfast"
56,Venado Tuerto,AR,67.77,-33.7456,-61.9688,La Bianca.
57,Taitung,TW,73.67,22.7583,121.1444,Taitung Bali Suites Hotel
58,Winneba,GH,78.22,5.3511,-0.6231,Windy Lodge & Beach Resort
59,Taoudenni,ML,72.77,22.6783,-3.9836,
62,Kavaratti,IN,80.08,10.5669,72.642,Green leaf
64,Rikitea,PF,66.24,-23.1203,-134.9692,People ThankYou
65,Port Keats,AU,82.9,-14.25,129.55,Kardu Durrikardu Numida Hostel
66,Riyadh,SA,60.94,24.6877,46.7219,"InterContinental Riyadh, an IHG Hotel"
69,Butaritari,KI,80.42,3.0707,172.7902,Isles Sunset Lodge
70,Fuente De Oro,CO,74.88,3.4594,-73.6128,Urbanización Casabrava
72,Saint-Leu,RE,70.66,-21.15,55.2833,La Caz Oceane
73,Hithadhoo,MV,80.33,-0.6,73.0833,Scoop Guest House
74,Porto Nacional,BR,84.2,-10.7081,-48.4172,Vila Real Hotel
75,Victoria,HK,75.38,22.2855,114.1577,Mini Central
76,Pisco,PE,68.05,-13.7,-76.2167,Hotel San Isidro Oficial
84,Sao Filipe,CV,76.53,14.8961,-24.4956,Hotel Xaguate
86,Los Llanos De Aridane,ES,65.95,28.6585,-17.9182,Valle Aridane
88,Carupano,VE,77.4,10.6678,-63.2585,Hotel La dorada
89,Laguna,US,67.01,38.421,-121.4238,"Holiday Inn Express & Suites Elk Grove Central - Hwy 99, an IHG Hotel"
91,Grand Gaube,MU,72.37,-20.0064,57.6608,Veranda Paul et Virginie Hotel & Spa
92,Ribeira Grande,PT,66.78,38.5167,-28.7,Quinta da Meia Eira
94,Ambilobe,MG,75.81,-13.2,49.05,Hôtel & Restaurant DIANA Ambilobe
96,Bathsheba,BB,79.41,13.2167,-59.5167,Atlantis Hotel
98,Saint-Joseph,RE,70.18,-21.3667,55.6167,"""Plantation Bed and Breakfast"
100,Bengkulu,ID,73.44,-3.8004,102.2655,Grage Hotel Bengkulu
103,Itarantim,BR,68.94,-15.6597,-40.0656,Pousada Buterfly
105,Minbu,MM,69.06,20.1833,94.8833,Pan Tha Tin Guest House - Burmese Only
107,Hervey Bay,AU,77.65,-25.2986,152.8535,Shelly Bay Resort
109,Porto Santo,PT,64.78,33.072,-16.3415,Hotel Porto Santo & Spa
110,Rabo De Peixe,PT,66.27,37.8,-25.5833,Quinta das Giestas
114,Ladario,BR,88.68,-19.0047,-57.6017,Hotel Fazenda 4 cantos
116,Souillac,MU,71.98,-20.5167,57.5167,Shanti Maurice Resort & Spa
117,Marzuq,YE,62.69,14.4,46.4667,حيد القفلة
118,Cabedelo,BR,79.47,-6.9811,-34.8339,Pousada Camboinha
119,Puerto Ayora,EC,75.16,-0.7393,-90.3518,Finch Bay Galapagos Hotel
122,Chiang Khong,TH,67.64,20.2613,100.4046,Chiangkhong Green Inn Resident
123,Meiganga,CM,67.39,6.5167,14.3,DFR HOUSE
126,Amahai,ID,80.15,-3.3333,128.9167,HOTEL ISABELA
133,Lompoc,US,77.14,34.6391,-120.4579,"Holiday Inn Express Lompoc, an IHG Hotel"
135,Sigli,ID,77.38,5.3848,95.9609,Losmen Dua Mali
137,Sao Paulo De Olivenca,BR,79.09,-3.3783,-68.8725,
141,Antsohihy,MG,74.79,-14.8796,47.9875,Hotel de Ville
143,Kedougou,SN,81.18,12.5579,-12.1743,Relais de Kédougou
146,Coahuayana,MX,82.26,18.7333,-103.6833,El rranchito michuacan de ocampos
147,Maghar,IL,66.45,32.8898,35.407,אירוח כפרי - קיבוץ מורן
148,Pacifica,US,67.24,37.6138,-122.4869,"Pacifica Lighthouse, Trademark Collection by Wyndham"
150,La Palma,US,80.87,33.8464,-118.0467,La Quinta Inn & Suites by Wyndham Buena Park
154,Kavieng,PG,84.24,-2.5744,150.7967,Nusa Island Retreat
155,Aquidauana,BR,88.48,-20.4711,-55.7872,HOTEL ARARAS
157,Cape Town,ZA,63.09,-33.9258,18.4232,"Radisson Blu Hotel Waterfront, Cape Town"
158,Trairi,BR,79.5,-3.2778,-39.2689,janelas do mar
160,Te Anau,NZ,60.44,-45.4167,167.7167,Kingsgate Hotel Te Anau
162,Porbandar,IN,74.55,21.6422,69.6093,Lords Inn Porbandar
165,Chuy,UY,68.25,-33.6971,-53.4616,Nuevo Hotel Plaza
167,Mar Del Plata,AR,62.1,-38.0023,-57.5575,Gran Hotel Mar del Plata
168,Cayenne,GF,80.64,4.9333,-52.3333,Hôtel Le Dronmi
170,Avarua,CK,77.05,-21.2078,-159.775,Paradise Inn
171,San Cristobal,VE,71.78,7.7669,-72.225,Pirineos
174,Poum,NC,80.01,-20.2333,164.0167,
177,Lucapa,AO,64.99,-8.4192,20.7447,Lírio Mendes
179,Chirongui,YT,78.73,-12.9319,45.1483,La Villa Mahatsara
181,Cabo Rojo,PR,80.98,18.0866,-67.1457,Hotel Perichi's
182,Pringsewu,ID,72.5,-5.3582,104.9744,Urban Style by Front One
183,Bahia Blanca,AR,63.28,-38.7196,-62.2724,Hotel Argos
185,Cidreira,BR,70.38,-30.1811,-50.2056,Hotel Castelo
187,Maldonado,UY,69.22,-34.6667,-54.9167,La Cimarrona
193,Pitimbu,BR,79.39,-7.4706,-34.8086,Reserva do Abiaí
194,Meulaboh,ID,74.34,4.1363,96.1285,Kost Pria
195,Waingapu,ID,81.05,-9.6567,120.2641,Pondok Wisata Elim
197,Arraial Do Cabo,BR,75.06,-22.9661,-42.0278,Pousada Porto Praia
200,Kasama,ZM,65.34,-10.2129,31.1808,Kalebalika Cottages
202,Takoradi,GH,77.76,4.8845,-1.7554,Raybow International Hotel
203,Airai,TL,63.32,-8.9266,125.4092,
204,San Pedro De Macoris,DO,82.53,18.4616,-69.2972,Apartahotel Guaraguao
205,Geraldton,AU,68.41,-28.7667,114.6,Broadwater Mariner Resort
207,Pangoa,PE,75.97,-12.1167,-73.0,
210,Pedernales,DO,80.28,18.0384,-71.744,Hotel Costa Marina
213,Waipawa,NZ,65.12,-41.4122,175.5153,Tora Coastal Walk
215,Sanghar,PK,69.33,26.0466,68.9481,Goklani House گوکلانی ہائوس
216,Bonthe,SL,79.3,7.5264,-12.505,Bonthe Holiday Village
219,Parnamirim,BR,79.14,-5.9156,-35.2628,Pousada Joaci
222,Pemangkat,ID,78.69,1.1667,108.9667,Hotel Duyung Permai 2
223,Qandala,SO,77.18,11.472,49.8728,
224,Kununurra,AU,82.38,-15.7667,128.7333,Hotel Kununurra
225,Sorong,ID,80.65,-0.8833,131.25,Waigo Splash Hotel
226,Fortuna,US,60.93,40.5982,-124.1573,Super 8 by Wyndham Fortuna
227,Ewo,CG,71.4,-0.8725,14.8206,Residence Elonda Ewo
228,Itarema,BR,79.5,-2.9248,-39.9167,"Sea Lounge! Bar, Club & Restaurant"
229,Basco,PH,80.91,20.4487,121.9702,Nathaniel's Lodge
230,Camacupa,AO,62.96,-12.0167,17.4833,
237,Kaitangata,NZ,64.24,-46.2817,169.8464,Kaitangata Motor Camp
243,Turan,VN,78.78,16.0678,108.2208,Grand Mercure Danang
244,Maragogi,BR,77.38,-9.0122,-35.2225,Salinas do Maragogi All Inclusive Resort
247,Rocha,UY,67.75,-34.4833,-54.3333,Hotel Arrarte
248,Atar,MR,72.52,20.5169,-13.0499,Oumou Elghoura
250,Amuntai,ID,75.85,-2.4177,115.2494,Hotel Balqis
251,Lodja,CD,68.7,-3.4833,23.4333,
252,Xuddur,SO,74.91,4.1213,43.8894,Banjanay Hotel
253,Chauk,MM,70.02,20.8833,94.8167,Bo Khin Guest House
254,Guiratinga,BR,77.77,-16.3494,-53.7583,Hotel Angra do Cerrado - Guiratinga MT
256,Bowen,AU,83.12,-20.0167,148.2333,Castle Motor Lodge Motel
258,Iquitos,PE,86.04,-3.7481,-73.2472,Cortez Malaga Techy Caroly
261,Najran,SA,65.05,17.4924,44.1277,محمد هادي ال فطيح
264,Padang,ID,75.25,-0.9492,100.3543,Mercure Padang
266,Carnarvon,AU,71.44,-24.8667,113.6333,Hospitality Carnarvon
267,Menongue,AO,67.1,-14.6585,17.691,Ritz Lauca
269,Saint-Paul,RE,71.71,-21.0096,55.2707,Boucan Canot
272,Tuatapere,NZ,67.39,-46.1333,167.6833,Ron and Tony's Bed & Breakfast
273,Maningrida,AU,85.84,-12.0667,134.2667,Dhukurrdji Lodge
274,San Andres,CO,75.22,12.5847,-81.7006,Hotel Arena Blanca
275,Ipixuna,BR,79.23,-1.7625,-48.8043,Chalé do Mato
279,Salalah,OM,74.66,17.0151,54.0924,"HAMDAN PLAZA HOTEL SALALAH, an HTG Hotel"
280,Vila Velha,BR,75.15,-20.3297,-40.2925,Hotel Vitória Palace
282,San Pedro,PH,76.32,14.35,121.0167,Palines Apartment and Guesthouse
283,Buala,SB,85.59,-8.145,159.5921,Maringe Lagoon Lodge
286,Ngawi,ID,75.67,-7.4038,111.4461,"""G.W.A. KOST"" NGAWI (dpn Klurahan KETANGGI)"
287,Namatanai,PG,84.9,-3.6667,152.4333,Seagulls Inn Namatani
288,Denpasar,ID,80.26,-8.65,115.2167,OYO 3156 Hotel Warta Dua
289,Kampot,KH,75.25,10.6167,104.1833,Two Moons Hotel
290,Lazaro Cardenas,MX,81.95,17.9583,-102.2,HOTEL QUINTA ANTIGUA
291,Carauari,BR,81.16,-4.8828,-66.8958,Hotel Fellip
292,Miri,MY,75.34,4.4148,114.0089,"Mega Hotel, Miri"
293,Carutapera,BR,78.51,-1.195,-46.02,Lidera
295,Kutum,SD,61.59,14.2,24.6667,Dibbo areaمنطقة دبو
296,Ilebo,CD,70.12,-4.3167,20.5833,Hôtel BUMAK
297,Georgetown,MY,78.73,5.4112,100.3354,Cititel Penang
299,Olinda,BR,80.33,-8.0089,-34.8553,Flat Quatro Rodas Olinda
300,Porto Novo,BJ,76.82,6.4965,2.6036,Tour Eiffel Hotel Benin
301,Lata,PT,62.08,40.1629,-8.3327,Terraços da Beira
305,Lodwar,KE,84.72,3.1191,35.5973,Solmar Gracious Hotel
307,Dolores,AR,62.58,-36.3132,-57.6792,Apart Hotel - Arianos
308,Lamu,KE,78.08,-2.2717,40.902,Lamu House
309,Kasongo-Lunda,CD,69.44,-6.4667,16.8167,
310,Mindelo,CV,74.75,16.8901,-24.9804,Hotel Gaudi
314,Kawalu,ID,72.77,-7.3817,108.2082,West Jontor
315,Shenjiamen,CN,60.58,29.9576,122.298,Jinjiang Inn Zhoushan Putuo Shenjiamen
316,Watsa,CD,61.99,3.0372,29.5355,Hôtel Le Pacifique
318,Toamasina,MG,77.0,-18.1667,49.3833,Hotel H1
320,Nhulunbuy,AU,88.41,-12.2333,136.7667,East Arnhem Real Estate
321,Ixtapa,MX,78.22,20.7,-105.2,hotel la terminal
325,Coari,BR,83.14,-4.085,-63.1414,Dellrey Hotel Center
329,Camacha,PT,62.02,33.0833,-16.3333,Hotel Porto Santo & Spa
330,Acari,PE,71.22,-15.4311,-74.6158,HOSPEDAJE XIMENA
332,Cockburn Town,TC,80.56,21.4612,-71.1419,Osprey Beach Hotel
336,Bara,NG,73.71,10.3744,10.7288,
338,Touros,BR,79.05,-5.1989,-35.4608,INN NEW HORIZON
340,Saquarema,BR,75.24,-22.92,-42.5103,Hotel Fazenda Sol e Lua
342,Catalina,US,66.43,32.5056,-110.9211,Miraval Arizona Resort & Spa
344,Flinders,AU,67.37,-34.5833,150.8552,Shellharbour Resort & Conference Centre
345,Paungde,MM,68.81,18.4833,95.5,Shwe Eain Matt highly cool guest house
346,Sambava,MG,70.57,-14.2667,50.1667,Melrose
347,Lahaina,US,83.44,20.8783,-156.6825,Lahaina Shores Beach Resort
348,Hambantota,LK,74.55,6.1241,81.1185,Bungalow 63
350,Tanout,NE,69.62,14.9709,8.8879,
351,Kayes,ML,81.73,14.0,-11.0,
352,Orange Cove,US,69.3,36.6244,-119.3137,
354,Byron Bay,AU,78.94,-28.65,153.6167,Backpackers Inn
355,Jeremie,HT,79.07,18.65,-74.1167,Auberge’Inn
364,Panacan,PH,79.86,9.2463,118.4082,Mom's Place Resort
366,Alofi,NU,80.49,-19.0595,-169.9187,Taloa Heights
367,Saint-Pierre,RE,71.28,-21.3393,55.4781,Alize Plage
368,Vila Franca Do Campo,PT,67.19,37.7167,-25.4333,Pestana Bahia Praia
371,Sri Aman,MY,75.25,1.2376,111.4621,Seri Simanggang Hotel
373,Ballina,AU,79.02,-28.8667,153.5667,Ramada Hotel & Suites by Wyndham Ballina Byron
375,Muros,ES,63.09,42.7762,-9.0603,Apartment Av. Castelao
376,Mount Isa,AU,82.17,-20.7333,139.5,ibis Styles Mt Isa Verona
378,Guilin,CN,62.71,25.2819,110.2864,Grand 0773 Hotel
380,Jalu,LY,65.53,29.0331,21.5482,صاحبة الفخامة
382,Coamo,PR,79.75,18.08,-66.3579,Bella Vista Mountain Retreat
385,Mogadishu,SO,79.14,2.0371,45.3438,Hotel Juba
390,Lengshuijiang,CN,60.26,27.6881,111.4294,Sheraton
391,Wanganui,NZ,66.6,-39.9333,175.05,Aotea Motor Lodge
394,Karratha,AU,82.08,-20.7377,116.8463,ibis Styles Karratha
395,The Valley,AI,80.74,18.217,-63.0578,CeBlue Villas & Beach Resort
396,Mecca,SA,78.24,21.4267,39.8261,"Makkah Clock Royal Tower, A Fairmont Hotel"
397,Ahipara,NZ,65.91,-35.1667,173.1667,Ahipara Holiday Park
398,Lianzhou,CN,63.61,24.7811,112.3825,Qingcheng Tourism Industry
400,Xiaoweizhai,CN,61.79,26.1903,107.5125,Karst Youth Hostel
401,Dunmore Town,BS,80.26,25.5,-76.65,Coral Sands Hotel
402,Hualmay,PE,66.38,-11.0964,-77.6139,Hotel Villa Kitzia Huacho
403,Rio Grande,BR,75.31,-32.035,-52.0986,Hotel Atlântico Rio Grande
405,Cantapoy,PH,78.93,9.4906,125.4364,Brgy Pili Mountain View
406,Atambua,ID,74.37,-9.1061,124.8925,Ros Muskanan
410,Inirida,CO,76.89,3.8653,-67.9239,Fuente del Guania Hotel de Lujo
411,Itoman,JP,75.22,26.1247,127.6694,Southern Beach Hotel & Resort Okinawa
413,Barcelos,PT,62.74,41.5388,-8.6151,Hotel Do Terço
414,Agadez,NE,67.32,19.75,10.25,
416,Belem De Sao Francisco,BR,88.95,-8.7539,-38.9658,Village Hotel
419,Cururupu,BR,75.92,-1.8283,-44.8683,POUSADA TRAVÉS'CIA
421,Coruripe,BR,77.61,-10.1256,-36.1756,Pousada e Hotel Litoral Sul
422,Eureka,US,61.2,40.8021,-124.1637,Eureka Inn Trademark By Wyndham
426,Aripuana,BR,80.78,-9.1667,-60.6333,
431,Mkushi,ZM,70.45,-13.6202,29.3939,Mkushi Police Club
435,Athmallik,IN,62.38,20.7219,84.5348,"Mishra resident and Advocate chamber,Bangalasahi,Athamallik,Angul"
439,Sembe,CG,71.62,1.6481,14.5806,
440,Corrente,BR,76.01,-3.7367,-43.3394,Chapadinhense Hotel
442,Ocho Rios,JM,80.8,18.4025,-77.1048,Hibiscus Lodge
443,Port Hedland,AU,81.12,-20.3167,118.5667,The Esplanade Hotel
444,Redlands,US,75.18,34.0556,-117.1825,Dynasty Suites Redlands
446,Sao Joao Da Barra,BR,77.09,-21.6403,-41.0511,Pousada Porto De Canoas
449,Pedasi,PA,80.06,7.5333,-80.0333,Hotel Casa de Campo Pedasí
451,Payo,ID,71.4,-3.7508,103.6372,Mess keban agung
452,Red Bluff,US,65.86,40.1785,-122.2358,Hampton Inn & Suites Red Bluff
454,Arroio Dos Ratos,BR,72.77,-30.0772,-51.7292,Hotel do Sul
455,Ormara,PK,77.09,25.2088,64.6357,Kenara Colony House for Rent
456,Hobyo,SO,80.73,5.3505,48.5268,Halane Hotel and Restaurent
458,San Isidro,PE,65.79,-12.1167,-77.05,Radisson Hotel Decapolis Miraflores
462,Charters Towers,AU,82.4,-20.1,146.2667,Cattleman's Rest Motor Inn
466,Emerald,AU,82.35,-23.5333,148.1667,Emerald Inn
470,Praia Da Vitoria,PT,70.05,38.7333,-27.0667,Hotel Branco I
472,Nacimiento,CL,68.36,-37.5,-72.6667,Residencial San Marcos
473,Kirakira,SB,83.23,-10.4544,161.9205,SanBiz Lodge
474,Puerto Escondido,MX,82.54,15.85,-97.0667,Aldea del Bazar Hotel and Spa
476,Half Moon Bay,US,68.92,37.4636,-122.4286,"The Ritz-Carlton, Half Moon Bay"
477,Aswan,EG,70.9,24.0934,32.907,Nuba Nile
481,Bobon,PH,78.94,12.5246,124.5636,Justin
483,Zhuhai,CN,74.98,22.2769,113.5678,珠海粤财假日酒店
484,Pasni,PK,76.73,25.2631,63.471,Kashmiri Hotal
486,Palasa,IN,70.52,18.7667,84.4167,Balaji tifen & meals veg & non veg hotel
488,Boa Vista,BR,84.18,2.8197,-60.6733,Aipana Plaza Hotel
489,Catamarca,AR,67.69,-28.4696,-65.7852,Amerian Catamarca Park Hotel
502,Muisne,EC,73.76,0.6,-80.0333,Quinta Samay
503,Panguna,PG,80.29,-6.3164,155.4848,
504,Moerai,PF,72.54,-22.4333,-151.3333,Le Manotel
505,Garowe,SO,72.9,8.4054,48.4845,Sacaada Hotel
506,Dzaoudzi,YT,78.69,-12.7887,45.2699,Le Rocher
507,Tacuarembo,UY,82.6,-31.7333,-55.9833,Complejo San Fructuoso
511,Susangerd,IR,64.53,31.5608,48.1831,دفتر خدمات هوایی وجهانگردی نسیم گستر دشت آزادگان
512,Pangkalanbuun,ID,74.82,-2.6833,111.6167,Grand Kecubung Hotel
513,Lubumbashi,CD,63.86,-11.6609,27.4794,Glo Flats
516,Sinnamary,GF,79.52,5.3833,-52.95,ALETHEIA Appartement Sinnamary
517,Canton,CN,74.88,23.1167,113.25,Shangjiuwan Hotel
519,Sabang,ID,80.67,5.8933,95.3214,Hotel Citra
521,Abaete,BR,70.36,-19.16,-45.4458,Hotel Millenium
522,Masvingo,ZW,63.86,-20.0637,30.8277,River Side Lodge
524,Zhifang,CN,60.4,30.35,114.3167,Echarm Hotel Jiangxia Zhongbai Plaza
529,Biak,ID,76.33,-0.9131,122.8766,Penginapan Kim
532,Nioro,GM,73.49,13.35,-15.75,
533,Kahului,US,81.97,20.8947,-156.47,Maui Seaside Hotel
534,Antofagasta,CL,62.82,-23.65,-70.4,"Holiday Inn Express Antofagasta, an IHG Hotel"
535,Mangai,CD,69.94,-4.05,19.5333,
536,Chicama,PE,68.0,-7.8447,-79.1469,Balihai Bungalows
539,Labuhan,ID,78.93,-6.8844,112.2051,DoubleFAG
540,Yulara,AU,72.63,-25.2406,130.9889,Desert Gardens Hotel - Ayers Rock Resort
544,Port Shepstone,ZA,63.16,-30.7414,30.455,My Den Beachfront Bed and Breakfast | Self-Catering
545,Santa Cruz,BO,88.92,-17.8,-63.1667,Aviador Hotel Boutique
551,Baisha,CN,61.92,26.5222,110.9311,Xiangcun Old Place Hotel
554,Ambon,ID,78.94,-3.6954,128.1814,Swiss-Belhotel Ambon
556,Dzilam Gonzalez,MX,77.14,21.2833,-88.9333,posadas
557,Kieta,PG,84.56,-6.2167,155.6333,Uruna Bay Retreat
559,Kitui,KE,64.4,-1.367,38.0106,Heritage Bliss Hotel
564,Vallenar,CL,74.89,-28.5708,-70.7581,Humacao Bed & Breakfast
566,Alenquer,BR,83.61,-1.9417,-54.7383,Detinha Hotel
570,Benguela,AO,76.32,-12.5763,13.4055,Hotel Praia Morena
572,Gamba,GA,75.11,-2.65,10.0,
575,Coquimbo,CL,62.33,-29.9533,-71.3436,Hotel San Juan
584,Benoy,TD,74.71,8.9833,16.3199,
587,Pochutla,MX,81.82,15.7432,-96.4661,Hotel Posada San Jose
588,Kalmunai,LK,72.28,7.4167,81.8167,VS Villa
589,Maumere,ID,81.41,-8.6199,122.2111,Sylvia Hotel
591,Caravelas,BR,71.08,-17.7125,-39.2481,Pousada dos Navegantes
592,Beberibe,BR,79.48,-4.1797,-38.1306,Villa Arte Pousada Morro Branco
595,Presidente Prudente,BR,83.75,-22.1256,-51.3889,Hotel Nações
596,Richards Bay,ZA,62.83,-28.783,32.0377,BON Hotel Waterfront Richards Bay
604,Ko Samui,TH,79.92,9.5357,99.9357,The Passage
606,Diego De Almagro,CL,70.18,-26.3667,-70.05,hotel luna del desierto
607,Acapulco,MX,82.45,16.8634,-99.8901,HS Hotsson Smart Acapulco
609,Bucerias,MX,78.98,20.75,-105.3333,Royal Decameron Complex - Puerto Vallarta
611,Yulin,CN,70.75,22.6333,110.15,罗弟天海大厦
612,Erzin,TR,63.01,36.9559,36.2,Artemis Otel
613,Honiara,SB,85.86,-9.4333,159.95,Heritage Park Hotel
616,Maubin,MM,71.55,16.7333,95.65,SSB office
617,Gat,IL,71.08,31.61,34.7642,OlusHome
618,Manono,CD,67.15,-7.3,27.4167,Hotel hewa bora
619,Dubai,AE,82.33,25.2582,55.3047,"Radisson Blu Hotel, Dubai Deira Creek"
620,Ntcheu,MW,73.92,-14.8203,34.6359,Dear Executive Lodge
621,Darnah,LY,69.46,32.767,22.6367,فندق الفردوس
622,Sola,VU,82.47,-13.8833,167.55,Leumerus Bungalows
625,Diamantino,BR,81.88,-14.4086,-56.4461,Hotel Delta
626,Bilma,NE,69.69,18.6853,12.9164,Expeditions Ténére voyages
627,Apac,UG,63.64,1.9756,32.5386,Double Duez Apac
628,Chumphon,TH,69.73,10.3333,98.8333,สกาน จ๋า.
632,Gizo,SB,84.63,-8.103,156.8419,Imagination Island
633,San Julian,MX,65.86,21.0167,-102.1667,La Nueva España
634,Tual,ID,84.87,-5.6667,132.75,Grand Vilia Hotel
635,Jacmel,HT,82.24,18.2342,-72.5347,Historic Hotel Florita
636,Abu Dhabi,AE,78.91,24.4667,54.3667,Beach Rotana
637,Lagoa,PT,64.2,39.05,-27.9833,Casa Das Faias
640,Artigas,UY,79.38,-30.4,-56.4667,Hotel Casino San Eugenio del Cuareim
641,Iguape,BR,71.1,-24.7081,-47.5553,Hotel Pousada Nossa Senhora do Carmo
642,Inhambane,MZ,69.22,-23.865,35.3833,Oceano
644,Beloha,MG,70.21,-25.1667,45.05,
645,Aloleng,PH,79.48,16.1307,119.7824,Aloleng
646,Katobu,ID,76.15,-4.9408,122.5276,La Ode Husein
649,Cape Coast,GH,78.71,5.1053,-1.2466,Samrit Hotel
650,Maxixe,MZ,67.84,-23.8597,35.3472,Oceano
651,Lukulu,ZM,69.71,-14.3707,23.242,Ruth Guest House
653,Ranong,TH,76.66,9.9658,98.6348,Numsai Khaosuay Resort Ranong
654,Ponta Do Sol,PT,65.71,32.6667,-17.1,Hotel do Campo
656,Mareeba,AU,86.49,-17.0,145.4333,Trinity Plains Tourist Park
657,Balabac,PH,80.96,7.9868,117.0645,Batalla’s Lodging House
659,Port Blair,IN,79.03,11.6667,92.75,"Welcomhotel By ITC Hotels, Port Blair - Premium Hotel Near the Airport | Idyllic Island Experience Vacation"
663,Gambiran,ID,74.7,-6.7988,111.4951,GUBUK KU
666,Vanimo,PG,81.95,-2.6741,141.3028,Vahmoneh Lodge Vanimo
668,Mozarlandia,BR,78.03,-14.7447,-50.5706,Hotel Santa Mônica
669,Cartagena,CO,81.63,10.3997,-75.5144,Hotel Colombia Real - Cartagena
672,Adre,TD,66.16,13.4667,22.2,
673,San Luis,AR,63.09,-33.295,-66.3356,Huarpes Hotel
674,Progreso,MX,80.11,21.2833,-89.6667,Playa Linda Hotel
675,Katherine,AU,84.52,-14.4667,132.2667,Pine Tree Motel
677,Ovalle,CL,75.16,-30.5983,-71.2003,Hotel Altos de Tuqui
679,Ilo,PE,64.92,-17.6394,-71.3375,Torreblanca Hotel
681,Phan Thiet,VN,75.63,10.9333,108.1,Hotel Saigon-PT
682,Micheweni,TZ,78.4,-4.9667,39.8333,
683,Phuket,TH,83.12,8.0,98.25,The Surin
684,Namibe,AO,72.88,-15.1961,12.1522,Hotel Chik Chik Namibe
688,La Ligua,CL,64.9,-32.4524,-71.2311,Hotel Anchimallen
692,Alanya,TR,60.93,36.5438,31.9998,Panorama Hotel
693,Mutoko,ZW,68.67,-17.397,32.2268,Suskwe Lodge Mutoko
695,Rivera,UY,80.73,-30.9053,-55.5508,Emirates Hotel e Suítes
696,Cap Malheureux,MU,71.47,-19.9842,57.6142,Pereybere Hotel & Spa
697,Ouango,CF,68.65,4.3133,22.5552,
